"me.delta","mae.delta","mse.delta","rmse.delta","pbias.delta","nse.delta","me.delta_conf","mae.delta_conf","mse.delta_conf","rmse.delta_conf","pbias.delta_conf","nse.delta_conf"
"w",0.05742887,0.07431518,0.06702891,0.06660219,0.05569018,0.06719635,0.00479583,0.0052618,0.00259204,0.00389254,0.00448421,0.00548756
"n_imperv",0.06610719,0.08974642,0.07026222,0.06934473,0.0655527,0.0705323,0.00352324,0.00432691,0.00372606,0.0050392,0.00290337,0.00520483
"n_perv",0.06219306,0.06076801,0.05961984,0.05878632,0.06204151,0.05917136,0.00361891,0.00574167,0.00554816,0.00415466,0.00306713,0.00475583
"s_imperv",0.05717912,0.05492025,0.05647284,0.05703485,0.0584743,0.05730487,0.00275365,0.00373497,0.00439011,0.00317931,0.00339477,0.00290078
"s_perv",0.0514525,0.05709308,0.05717734,0.05849212,0.05154889,0.05685506,0.00444209,0.00378011,0.00363751,0.00331389,0.00374575,0.00378678
"k_sat",0.06999443,0.06766557,0.06426484,0.0648732,0.07046245,0.06596635,0.00361805,0.00445136,0.00497508,0.00538977,0.00498189,0.00482979
"per_routed",0.2389908,0.09651279,0.08261694,0.08346144,0.24034947,0.08392056,0.00652244,0.00450396,0.00374253,0.00595273,0.00356678,0.00546097
"cmelt",0.06471309,0.05975146,0.06803528,0.06937562,0.0650954,0.0688209,0.0026437,0.00450689,0.00442821,0.00413602,0.00362224,0.00343498
"Tb",0.0567381,0.07071523,0.07769164,0.07722566,0.05614479,0.07974671,0.00548352,0.00395166,0.00449411,0.00320237,0.00424668,0.00581448
"A1",0.2924849,0.3588818,0.40535269,0.40627807,0.29170545,0.40443131,0.0060262,0.00299933,0.00545469,0.00306043,0.00470217,0.00300294
"B1",0.16071454,0.25809878,0.24225903,0.24260026,0.16067467,0.24340213,0.00557232,0.00504881,0.00427628,0.00318903,0.00454418,0.00518257
"me.S1","mae.S1","mse.S1","rmse.S1","pbias.S1","nse.S1","me.S1_conf","mae.S1_conf","mse.S1_conf","rmse.S1_conf","pbias.S1_conf","nse.S1_conf"
"w",0.00268522,0.00799519,0.00470259,0.00448766,0.00268866,0.00470259,0.00208631,0.00289413,0.00297292,0.00210335,0.00152056,0.00220829
"n_imperv",0.00658942,0.02402908,0.00751576,0.00744492,0.00658528,0.00751576,0.00294503,0.00260428,0.00454107,0.00236887,0.00308558,0.00360266
"n_perv",0.0042154,0.00454117,0.00616449,0.00613477,0.00421264,0.00616449,0.00149124,0.00129421,0.00212276,0.00214989,0.00219262,0.00236295
"s_imperv",0.00514836,0.00360399,0.00402356,0.00404076,0.00514446,0.00402356,0.00288666,0.00174561,0.0018782,0.00190791,0.00300994,0.0022989
"s_perv",0.0032335,0.0026694,0.00294764,0.00300521,0.00323595,0.00294764,0.00098635,0.00103776,0.00100412,0.00188963,0.00173195,0.00172708
"k_sat",0.04728377,0.02851055,0.02318208,0.02220477,0.04727282,0.02318208,0.00534161,0.00350455,0.00328001,0.00561124,0.01125633,0.00382799
"per_routed",0.27036188,0.05026832,0.02616933,0.0256604,0.27036968,0.02616933,0.01156539,0.00643863,0.00404909,0.00624189,0.01632335,0.00514567
"cmelt",0.00940235,0.01524009,0.03137708,0.03506967,0.00940858,0.03137708,0.00310756,0.00519804,0.00481675,0.00750452,0.00359846,0.0054163
"Tb",0.00547399,0.01995698,0.03386475,0.03449023,0.00546537,0.03386475,0.00184688,0.0026843,0.00345113,0.00506241,0.00182588,0.00425546
"A1",0.50282002,0.42230867,0.4962848,0.50387261,0.50281131,0.4962848,0.00361467,0.01195074,0.00541752,0.01282589,0.0080852,0.01374541
"B1",0.08295966,0.30108712,0.20596573,0.19554678,0.08297281,0.20596573,0.00977463,0.01098468,0.01458373,0.01148941,0.01001222,0.00939762
"me.delta","mae.delta","mse.delta","rmse.delta","pbias.delta","nse.delta","me.delta_conf","mae.delta_conf","mse.delta_conf","rmse.delta_conf","pbias.delta_conf","nse.delta_conf"
"w",0.05675567,0.07439168,0.06666229,0.06605368,0.055818,0.06658391,0.00481413,0.00550311,0.00363567,0.00562997,0.00404127,0.00461229
"n_imperv",0.06648639,0.08936209,0.06989714,0.0702206,0.06618768,0.06973973,0.00449848,0.00411504,0.00582854,0.00407531,0.00324779,0.00360123
"n_perv",0.0616183,0.05951934,0.05916619,0.05904616,0.06053804,0.05883264,0.00291796,0.0044613,0.0045691,0.0039473,0.00576047,0.00358988
"s_imperv",0.0585447,0.05466277,0.05787621,0.05679624,0.05849287,0.05757375,0.00542679,0.0031105,0.00468394,0.00416361,0.00491568,0.00449435
"s_perv",0.05202026,0.05771446,0.05672257,0.05628716,0.0527253,0.05652559,0.00339264,0.00265314,0.00472046,0.00458739,0.00505746,0.00409514
"k_sat",0.07042645,0.06879742,0.06640527,0.06524695,0.07005742,0.06549389,0.00456793,0.00289233,0.00412231,0.004596,0.00415036,0.00634478
"per_routed",0.23870717,0.09779994,0.08479671,0.08537905,0.24034801,0.08467056,0.00430239,0.00492197,0.00349919,0.00472014,0.00407124,0.00424238
"cmelt",0.06507082,0.05880847,0.06902447,0.06767395,0.06415296,0.06948771,0.00416268,0.00514608,0.00442832,0.00498505,0.00241689,0.00464222
"Tb",0.05520119,0.0707452,0.07821418,0.07763716,0.05641612,0.07787382,0.0036784,0.00379784,0.00359614,0.00410454,0.00262511,0.00391792
"A1",0.29158816,0.35913499,0.40596774,0.40655108,0.29268529,0.40533465,0.00538064,0.00733916,0.00424366,0.00459261,0.0078673,0.00719551
"B1",0.16085878,0.25792524,0.24271126,0.24235204,0.16087346,0.2426408,0.00593241,0.00638751,0.00535728,0.00375947,0.00613506,0.00288784
"me.S1","mae.S1","mse.S1","rmse.S1","pbias.S1","nse.S1","me.S1_conf","mae.S1_conf","mse.S1_conf","rmse.S1_conf","pbias.S1_conf","nse.S1_conf"
"w",0.00268522,0.00799519,0.00470259,0.00448766,0.00268866,0.00470259,0.00172765,0.00297325,0.00283735,0.00174718,0.0024866,0.00215372
"n_imperv",0.00658942,0.02402908,0.00751576,0.00744492,0.00658528,0.00751576,0.0029749,0.00431959,0.00209907,0.00431382,0.00259018,0.00298835
"n_perv",0.0042154,0.00454117,0.00616449,0.00613477,0.00421264,0.00616449,0.00274088,0.00094739,0.00275275,0.00269753,0.00255354,0.00200338
"s_imperv",0.00514836,0.00360399,0.00402356,0.00404076,0.00514446,0.00402356,0.00112288,0.00252772,0.00181211,0.00213907,0.00073134,0.00199011
"s_perv",0.0032335,0.0026694,0.00294764,0.00300521,0.00323595,0.00294764,0.00223095,0.00175234,0.00152871,0.00194039,0.00163785,0.00143419
"k_sat",0.04728377,0.02851055,0.02318208,0.02220477,0.04727282,0.02318208,0.00397529,0.00712756,0.00412078,0.00478398,0.00551302,0.00859877
"per_routed",0.27036188,0.05026832,0.02616933,0.0256604,0.27036968,0.02616933,0.01150071,0.00593438,0.00317329,0.00439273,0.01064196,0.00374723
"cmelt",0.00940235,0.01524009,0.03137708,0.03506967,0.00940858,0.03137708,0.00310452,0.00329723,0.00347051,0.00654164,0.00257684,0.00631306
"Tb",0.00547399,0.01995698,0.03386475,0.03449023,0.00546537,0.03386475,0.00225464,0.0019776,0.00524073,0.00204293,0.00266784,0.00437
"A1",0.50282002,0.42230867,0.4962848,0.50387261,0.50281131,0.4962848,0.01095879,0.01242868,0.01019964,0.01331524,0.01426072,0.01351964
"B1",0.08295966,0.30108712,0.20596573,0.19554678,0.08297281,0.20596573,0.00770968,0.00899192,0.01682077,0.00572902,0.00956636,0.00879212
"me.delta","mae.delta","mse.delta","rmse.delta","pbias.delta","nse.delta","me.delta_conf","mae.delta_conf","mse.delta_conf","rmse.delta_conf","pbias.delta_conf","nse.delta_conf"
"w",0.05675567,0.07439168,0.06666229,0.06605368,0.055818,0.06658391,0.00481413,0.00550311,0.00363567,0.00562997,0.00404127,0.00461229
"n_imperv",0.06648639,0.08936209,0.06989714,0.0702206,0.06618768,0.06973973,0.00449848,0.00411504,0.00582854,0.00407531,0.00324779,0.00360123
"n_perv",0.0616183,0.05951934,0.05916619,0.05904616,0.06053804,0.05883264,0.00291796,0.0044613,0.0045691,0.0039473,0.00576047,0.00358988
"s_imperv",0.0585447,0.05466277,0.05787621,0.05679624,0.05849287,0.05757375,0.00542679,0.0031105,0.00468394,0.00416361,0.00491568,0.00449435
"s_perv",0.05202026,0.05771446,0.05672257,0.05628716,0.0527253,0.05652559,0.00339264,0.00265314,0.00472046,0.00458739,0.00505746,0.00409514
"k_sat",0.07042645,0.06879742,0.06640527,0.06524695,0.07005742,0.06549389,0.00456793,0.00289233,0.00412231,0.004596,0.00415036,0.00634478
"per_routed",0.23870717,0.09779994,0.08479671,0.08537905,0.24034801,0.08467056,0.00430239,0.00492197,0.00349919,0.00472014,0.00407124,0.00424238
"cmelt",0.06507082,0.05880847,0.06902447,0.06767395,0.06415296,0.06948771,0.00416268,0.00514608,0.00442832,0.00498505,0.00241689,0.00464222
"Tb",0.05520119,0.0707452,0.07821418,0.07763716,0.05641612,0.07787382,0.0036784,0.00379784,0.00359614,0.00410454,0.00262511,0.00391792
"A1",0.29158816,0.35913499,0.40596774,0.40655108,0.29268529,0.40533465,0.00538064,0.00733916,0.00424366,0.00459261,0.0078673,0.00719551
"B1",0.16085878,0.25792524,0.24271126,0.24235204,0.16087346,0.2426408,0.00593241,0.00638751,0.00535728,0.00375947,0.00613506,0.00288784
"me.S1","mae.S1","mse.S1","rmse.S1","pbias.S1","nse.S1","me.S1_conf","mae.S1_conf","mse.S1_conf","rmse.S1_conf","pbias.S1_conf","nse.S1_conf"
"w",0.00268522,0.00799519,0.00470259,0.00448766,0.00268866,0.00470259,0.00172765,0.00297325,0.00283735,0.00174718,0.0024866,0.00215372
"n_imperv",0.00658942,0.02402908,0.00751576,0.00744492,0.00658528,0.00751576,0.0029749,0.00431959,0.00209907,0.00431382,0.00259018,0.00298835
"n_perv",0.0042154,0.00454117,0.00616449,0.00613477,0.00421264,0.00616449,0.00274088,0.00094739,0.00275275,0.00269753,0.00255354,0.00200338
"s_imperv",0.00514836,0.00360399,0.00402356,0.00404076,0.00514446,0.00402356,0.00112288,0.00252772,0.00181211,0.00213907,0.00073134,0.00199011
"s_perv",0.0032335,0.0026694,0.00294764,0.00300521,0.00323595,0.00294764,0.00223095,0.00175234,0.00152871,0.00194039,0.00163785,0.00143419
"k_sat",0.04728377,0.02851055,0.02318208,0.02220477,0.04727282,0.02318208,0.00397529,0.00712756,0.00412078,0.00478398,0.00551302,0.00859877
"per_routed",0.27036188,0.05026832,0.02616933,0.0256604,0.27036968,0.02616933,0.01150071,0.00593438,0.00317329,0.00439273,0.01064196,0.00374723
"cmelt",0.00940235,0.01524009,0.03137708,0.03506967,0.00940858,0.03137708,0.00310452,0.00329723,0.00347051,0.00654164,0.00257684,0.00631306
"Tb",0.00547399,0.01995698,0.03386475,0.03449023,0.00546537,0.03386475,0.00225464,0.0019776,0.00524073,0.00204293,0.00266784,0.00437
"A1",0.50282002,0.42230867,0.4962848,0.50387261,0.50281131,0.4962848,0.01095879,0.01242868,0.01019964,0.01331524,0.01426072,0.01351964
"B1",0.08295966,0.30108712,0.20596573,0.19554678,0.08297281,0.20596573,0.00770968,0.00899192,0.01682077,0.00572902,0.00956636,0.00879212
"me.delta","mae.delta","mse.delta","rmse.delta","pbias.delta","nse.delta","me.delta_conf","mae.delta_conf","mse.delta_conf","rmse.delta_conf","pbias.delta_conf","nse.delta_conf"
"w",0.05688207,0.07486996,0.0686538,0.06663703,0.05726384,0.06768533,0.00387197,0.00399349,0.00475229,0.00390376,0.00366085,0.003195
"n_imperv",0.06638428,0.08984642,0.06963898,0.06874535,0.06736131,0.06961521,0.00406764,0.00453913,0.0055089,0.00314944,0.00433889,0.00219677
"n_perv",0.06299178,0.06033176,0.05847343,0.05903656,0.06141614,0.05890097,0.00284923,0.00388065,0.00309576,0.00291039,0.00421407,0.00468541
"s_imperv",0.05798736,0.05503603,0.0571212,0.0574144,0.05762623,0.05791566,0.00465809,0.00348307,0.00426233,0.00377961,0.00267403,0.00354774
"s_perv",0.05276953,0.05704036,0.05687617,0.05770265,0.05347048,0.05662491,0.00396469,0.00488923,0.00359373,0.00339436,0.00268215,0.00343368
"k_sat",0.06998625,0.06816951,0.06478917,0.06406933,0.0706289,0.06458059,0.00596308,0.00229421,0.00476047,0.0032698,0.00433161,0.00597163
"per_routed",0.24040707,0.09758672,0.0831127,0.08357582,0.23760169,0.08274671,0.00382463,0.00456418,0.00402471,0.00525197,0.00545243,0.00545487
"cmelt",0.0639375,0.06101435,0.06857172,0.06953817,0.06506388,0.06848511,0.00627843,0.0049366,0.00449705,0.00419902,0.00278056,0.00326249
"Tb",0.05597859,0.07160618,0.07996019,0.07762891,0.05676743,0.07841592,0.00440514,0.00500216,0.00318913,0.00574782,0.006087,0.00457267
"A1",0.29289595,0.35837356,0.40453244,0.40579564,0.29388964,0.40624273,0.0064028,0.00670414,0.00387733,0.00360018,0.00445602,0.00737714
"B1",0.16150963,0.25771727,0.24207854,0.24213388,0.16087131,0.24267881,0.00496779,0.00591426,0.00578761,0.00341242,0.00511315,0.00373687
"me.S1","mae.S1","mse.S1","rmse.S1","pbias.S1","nse.S1","me.S1_conf","mae.S1_conf","mse.S1_conf","rmse.S1_conf","pbias.S1_conf","nse.S1_conf"
"w",0.00268522,0.00799519,0.00470259,0.00448766,0.00268866,0.00470259,0.00148992,0.00376208,0.00170344,0.002025,0.00184779,0.00136823
"n_imperv",0.00658942,0.02402908,0.00751576,0.00744492,0.00658528,0.00751576,0.00185203,0.00614914,0.00258306,0.00302485,0.00357385,0.00242424
"n_perv",0.0042154,0.00454117,0.00616449,0.00613477,0.00421264,0.00616449,0.00222309,0.00198598,0.00113316,0.00281636,0.00314833,0.00143632
"s_imperv",0.00514836,0.00360399,0.00402356,0.00404076,0.00514446,0.00402356,0.00141037,0.00200127,0.00123902,0.00217249,0.00242509,0.00185516
"s_perv",0.0032335,0.0026694,0.00294764,0.00300521,0.00323595,0.00294764,0.00207989,0.00249666,0.00165708,0.00186778,0.0017964,0.0026896
"k_sat",0.04728377,0.02851055,0.02318208,0.02220477,0.04727282,0.02318208,0.0062538,0.00354417,0.00414081,0.00455152,0.00406678,0.00351673
"per_routed",0.27036188,0.05026832,0.02616933,0.0256604,0.27036968,0.02616933,0.01124061,0.0043033,0.00282604,0.00321624,0.01230197,0.00383812
"cmelt",0.00940235,0.01524009,0.03137708,0.03506967,0.00940858,0.03137708,0.00243566,0.00385683,0.00622972,0.00673991,0.00266062,0.0061673
"Tb",0.00547399,0.01995698,0.03386475,0.03449023,0.00546537,0.03386475,0.00149075,0.00368592,0.00435635,0.00552942,0.00166401,0.00414167
"A1",0.50282002,0.42230867,0.4962848,0.50387261,0.50281131,0.4962848,0.01022597,0.00724002,0.01137322,0.01558884,0.01141501,0.01240961
"B1",0.08295966,0.30108712,0.20596573,0.19554678,0.08297281,0.20596573,0.01006425,0.01228198,0.01416466,0.01488188,0.00947068,0.01472396
"me.delta","mae.delta","mse.delta","rmse.delta","pbias.delta","nse.delta","me.delta_conf","mae.delta_conf","mse.delta_conf","rmse.delta_conf","pbias.delta_conf","nse.delta_conf"
"w",0.05688207,0.07486996,0.0686538,0.06663703,0.05726384,0.06768533,0.00387197,0.00399349,0.00475229,0.00390376,0.00366085,0.003195
"n_imperv",0.06638428,0.08984642,0.06963898,0.06874535,0.06736131,0.06961521,0.00406764,0.00453913,0.0055089,0.00314944,0.00433889,0.00219677
"n_perv",0.06299178,0.06033176,0.05847343,0.05903656,0.06141614,0.05890097,0.00284923,0.00388065,0.00309576,0.00291039,0.00421407,0.00468541
"s_imperv",0.05798736,0.05503603,0.0571212,0.0574144,0.05762623,0.05791566,0.00465809,0.00348307,0.00426233,0.00377961,0.00267403,0.00354774
"s_perv",0.05276953,0.05704036,0.05687617,0.05770265,0.05347048,0.05662491,0.00396469,0.00488923,0.00359373,0.00339436,0.00268215,0.00343368
"k_sat",0.06998625,0.06816951,0.06478917,0.06406933,0.0706289,0.06458059,0.00596308,0.00229421,0.00476047,0.0032698,0.00433161,0.00597163
"per_routed",0.24040707,0.09758672,0.0831127,0.08357582,0.23760169,0.08274671,0.00382463,0.00456418,0.00402471,0.00525197,0.00545243,0.00545487
"cmelt",0.0639375,0.06101435,0.06857172,0.06953817,0.06506388,0.06848511,0.00627843,0.0049366,0.00449705,0.00419902,0.00278056,0.00326249
"Tb",0.05597859,0.07160618,0.07996019,0.07762891,0.05676743,0.07841592,0.00440514,0.00500216,0.00318913,0.00574782,0.006087,0.00457267
"A1",0.29289595,0.35837356,0.40453244,0.40579564,0.29388964,0.40624273,0.0064028,0.00670414,0.00387733,0.00360018,0.00445602,0.00737714
"B1",0.16150963,0.25771727,0.24207854,0.24213388,0.16087131,0.24267881,0.00496779,0.00591426,0.00578761,0.00341242,0.00511315,0.00373687
"me.S1","mae.S1","mse.S1","rmse.S1","pbias.S1","nse.S1","me.S1_conf","mae.S1_conf","mse.S1_conf","rmse.S1_conf","pbias.S1_conf","nse.S1_conf"
"w",0.00268522,0.00799519,0.00470259,0.00448766,0.00268866,0.00470259,0.00148992,0.00376208,0.00170344,0.002025,0.00184779,0.00136823
"n_imperv",0.00658942,0.02402908,0.00751576,0.00744492,0.00658528,0.00751576,0.00185203,0.00614914,0.00258306,0.00302485,0.00357385,0.00242424
"n_perv",0.0042154,0.00454117,0.00616449,0.00613477,0.00421264,0.00616449,0.00222309,0.00198598,0.00113316,0.00281636,0.00314833,0.00143632
"s_imperv",0.00514836,0.00360399,0.00402356,0.00404076,0.00514446,0.00402356,0.00141037,0.00200127,0.00123902,0.00217249,0.00242509,0.00185516
"s_perv",0.0032335,0.0026694,0.00294764,0.00300521,0.00323595,0.00294764,0.00207989,0.00249666,0.00165708,0.00186778,0.0017964,0.0026896
"k_sat",0.04728377,0.02851055,0.02318208,0.02220477,0.04727282,0.02318208,0.0062538,0.00354417,0.00414081,0.00455152,0.00406678,0.00351673
"per_routed",0.27036188,0.05026832,0.02616933,0.0256604,0.27036968,0.02616933,0.01124061,0.0043033,0.00282604,0.00321624,0.01230197,0.00383812
"cmelt",0.00940235,0.01524009,0.03137708,0.03506967,0.00940858,0.03137708,0.00243566,0.00385683,0.00622972,0.00673991,0.00266062,0.0061673
"Tb",0.00547399,0.01995698,0.03386475,0.03449023,0.00546537,0.03386475,0.00149075,0.00368592,0.00435635,0.00552942,0.00166401,0.00414167
"A1",0.50282002,0.42230867,0.4962848,0.50387261,0.50281131,0.4962848,0.01022597,0.00724002,0.01137322,0.01558884,0.01141501,0.01240961
"B1",0.08295966,0.30108712,0.20596573,0.19554678,0.08297281,0.20596573,0.01006425,0.01228198,0.01416466,0.01488188,0.00947068,0.01472396
"me.delta","mae.delta","mse.delta","rmse.delta","pbias.delta","nse.delta","me.delta_conf","mae.delta_conf","mse.delta_conf","rmse.delta_conf","pbias.delta_conf","nse.delta_conf"
"w",0.05688207,0.07486996,0.0686538,0.06663703,0.05726384,0.06768533,0.00387197,0.00399349,0.00475229,0.00390376,0.00366085,0.003195
"n_imperv",0.06638428,0.08984642,0.06963898,0.06874535,0.06736131,0.06961521,0.00406764,0.00453913,0.0055089,0.00314944,0.00433889,0.00219677
"n_perv",0.06299178,0.06033176,0.05847343,0.05903656,0.06141614,0.05890097,0.00284923,0.00388065,0.00309576,0.00291039,0.00421407,0.00468541
"s_imperv",0.05798736,0.05503603,0.0571212,0.0574144,0.05762623,0.05791566,0.00465809,0.00348307,0.00426233,0.00377961,0.00267403,0.00354774
"s_perv",0.05276953,0.05704036,0.05687617,0.05770265,0.05347048,0.05662491,0.00396469,0.00488923,0.00359373,0.00339436,0.00268215,0.00343368
"k_sat",0.06998625,0.06816951,0.06478917,0.06406933,0.0706289,0.06458059,0.00596308,0.00229421,0.00476047,0.0032698,0.00433161,0.00597163
"per_routed",0.24040707,0.09758672,0.0831127,0.08357582,0.23760169,0.08274671,0.00382463,0.00456418,0.00402471,0.00525197,0.00545243,0.00545487
"cmelt",0.0639375,0.06101435,0.06857172,0.06953817,0.06506388,0.06848511,0.00627843,0.0049366,0.00449705,0.00419902,0.00278056,0.00326249
"Tb",0.05597859,0.07160618,0.07996019,0.07762891,0.05676743,0.07841592,0.00440514,0.00500216,0.00318913,0.00574782,0.006087,0.00457267
"A1",0.29289595,0.35837356,0.40453244,0.40579564,0.29388964,0.40624273,0.0064028,0.00670414,0.00387733,0.00360018,0.00445602,0.00737714
"B1",0.16150963,0.25771727,0.24207854,0.24213388,0.16087131,0.24267881,0.00496779,0.00591426,0.00578761,0.00341242,0.00511315,0.00373687
"me.S1","mae.S1","mse.S1","rmse.S1","pbias.S1","nse.S1","me.S1_conf","mae.S1_conf","mse.S1_conf","rmse.S1_conf","pbias.S1_conf","nse.S1_conf"
"w",0.00268522,0.00799519,0.00470259,0.00448766,0.00268866,0.00470259,0.00148992,0.00376208,0.00170344,0.002025,0.00184779,0.00136823
"n_imperv",0.00658942,0.02402908,0.00751576,0.00744492,0.00658528,0.00751576,0.00185203,0.00614914,0.00258306,0.00302485,0.00357385,0.00242424
"n_perv",0.0042154,0.00454117,0.00616449,0.00613477,0.00421264,0.00616449,0.00222309,0.00198598,0.00113316,0.00281636,0.00314833,0.00143632
"s_imperv",0.00514836,0.00360399,0.00402356,0.00404076,0.00514446,0.00402356,0.00141037,0.00200127,0.00123902,0.00217249,0.00242509,0.00185516
"s_perv",0.0032335,0.0026694,0.00294764,0.00300521,0.00323595,0.00294764,0.00207989,0.00249666,0.00165708,0.00186778,0.0017964,0.0026896
"k_sat",0.04728377,0.02851055,0.02318208,0.02220477,0.04727282,0.02318208,0.0062538,0.00354417,0.00414081,0.00455152,0.00406678,0.00351673
"per_routed",0.27036188,0.05026832,0.02616933,0.0256604,0.27036968,0.02616933,0.01124061,0.0043033,0.00282604,0.00321624,0.01230197,0.00383812
"cmelt",0.00940235,0.01524009,0.03137708,0.03506967,0.00940858,0.03137708,0.00243566,0.00385683,0.00622972,0.00673991,0.00266062,0.0061673
"Tb",0.00547399,0.01995698,0.03386475,0.03449023,0.00546537,0.03386475,0.00149075,0.00368592,0.00435635,0.00552942,0.00166401,0.00414167
"A1",0.50282002,0.42230867,0.4962848,0.50387261,0.50281131,0.4962848,0.01022597,0.00724002,0.01137322,0.01558884,0.01141501,0.01240961
"B1",0.08295966,0.30108712,0.20596573,0.19554678,0.08297281,0.20596573,0.01006425,0.01228198,0.01416466,0.01488188,0.00947068,0.01472396
"me.delta","mae.delta","mse.delta","rmse.delta","pbias.delta","nse.delta","me.delta_conf","mae.delta_conf","mse.delta_conf","rmse.delta_conf","pbias.delta_conf","nse.delta_conf"
"w",0.05688207,0.07486996,0.0686538,0.06663703,0.05726384,0.06768533,0.00387197,0.00399349,0.00475229,0.00390376,0.00366085,0.003195
"n_imperv",0.06638428,0.08984642,0.06963898,0.06874535,0.06736131,0.06961521,0.00406764,0.00453913,0.0055089,0.00314944,0.00433889,0.00219677
"n_perv",0.06299178,0.06033176,0.05847343,0.05903656,0.06141614,0.05890097,0.00284923,0.00388065,0.00309576,0.00291039,0.00421407,0.00468541
"s_imperv",0.05798736,0.05503603,0.0571212,0.0574144,0.05762623,0.05791566,0.00465809,0.00348307,0.00426233,0.00377961,0.00267403,0.00354774
"s_perv",0.05276953,0.05704036,0.05687617,0.05770265,0.05347048,0.05662491,0.00396469,0.00488923,0.00359373,0.00339436,0.00268215,0.00343368
"k_sat",0.06998625,0.06816951,0.06478917,0.06406933,0.0706289,0.06458059,0.00596308,0.00229421,0.00476047,0.0032698,0.00433161,0.00597163
"per_routed",0.24040707,0.09758672,0.0831127,0.08357582,0.23760169,0.08274671,0.00382463,0.00456418,0.00402471,0.00525197,0.00545243,0.00545487
"cmelt",0.0639375,0.06101435,0.06857172,0.06953817,0.06506388,0.06848511,0.00627843,0.0049366,0.00449705,0.00419902,0.00278056,0.00326249
"Tb",0.05597859,0.07160618,0.07996019,0.07762891,0.05676743,0.07841592,0.00440514,0.00500216,0.00318913,0.00574782,0.006087,0.00457267
"A1",0.29289595,0.35837356,0.40453244,0.40579564,0.29388964,0.40624273,0.0064028,0.00670414,0.00387733,0.00360018,0.00445602,0.00737714
"B1",0.16150963,0.25771727,0.24207854,0.24213388,0.16087131,0.24267881,0.00496779,0.00591426,0.00578761,0.00341242,0.00511315,0.00373687
"me.S1","mae.S1","mse.S1","rmse.S1","pbias.S1","nse.S1","me.S1_conf","mae.S1_conf","mse.S1_conf","rmse.S1_conf","pbias.S1_conf","nse.S1_conf"
"w",0.00268522,0.00799519,0.00470259,0.00448766,0.00268866,0.00470259,0.00148992,0.00376208,0.00170344,0.002025,0.00184779,0.00136823
"n_imperv",0.00658942,0.02402908,0.00751576,0.00744492,0.00658528,0.00751576,0.00185203,0.00614914,0.00258306,0.00302485,0.00357385,0.00242424
"n_perv",0.0042154,0.00454117,0.00616449,0.00613477,0.00421264,0.00616449,0.00222309,0.00198598,0.00113316,0.00281636,0.00314833,0.00143632
"s_imperv",0.00514836,0.00360399,0.00402356,0.00404076,0.00514446,0.00402356,0.00141037,0.00200127,0.00123902,0.00217249,0.00242509,0.00185516
"s_perv",0.0032335,0.0026694,0.00294764,0.00300521,0.00323595,0.00294764,0.00207989,0.00249666,0.00165708,0.00186778,0.0017964,0.0026896
"k_sat",0.04728377,0.02851055,0.02318208,0.02220477,0.04727282,0.02318208,0.0062538,0.00354417,0.00414081,0.00455152,0.00406678,0.00351673
"per_routed",0.27036188,0.05026832,0.02616933,0.0256604,0.27036968,0.02616933,0.01124061,0.0043033,0.00282604,0.00321624,0.01230197,0.00383812
"cmelt",0.00940235,0.01524009,0.03137708,0.03506967,0.00940858,0.03137708,0.00243566,0.00385683,0.00622972,0.00673991,0.00266062,0.0061673
"Tb",0.00547399,0.01995698,0.03386475,0.03449023,0.00546537,0.03386475,0.00149075,0.00368592,0.00435635,0.00552942,0.00166401,0.00414167
"A1",0.50282002,0.42230867,0.4962848,0.50387261,0.50281131,0.4962848,0.01022597,0.00724002,0.01137322,0.01558884,0.01141501,0.01240961
"B1",0.08295966,0.30108712,0.20596573,0.19554678,0.08297281,0.20596573,0.01006425,0.01228198,0.01416466,0.01488188,0.00947068,0.01472396
"me.delta","mae.delta","mse.delta","rmse.delta","pbias.delta","nse.delta","me.delta_conf","mae.delta_conf","mse.delta_conf","rmse.delta_conf","pbias.delta_conf","nse.delta_conf"
"w",0.05688207,0.07486996,0.0686538,0.06663703,0.05726384,0.06768533,0.00387197,0.00399349,0.00475229,0.00390376,0.00366085,0.003195
"n_imperv",0.06638428,0.08984642,0.06963898,0.06874535,0.06736131,0.06961521,0.00406764,0.00453913,0.0055089,0.00314944,0.00433889,0.00219677
"n_perv",0.06299178,0.06033176,0.05847343,0.05903656,0.06141614,0.05890097,0.00284923,0.00388065,0.00309576,0.00291039,0.00421407,0.00468541
"s_imperv",0.05798736,0.05503603,0.0571212,0.0574144,0.05762623,0.05791566,0.00465809,0.00348307,0.00426233,0.00377961,0.00267403,0.00354774
"s_perv",0.05276953,0.05704036,0.05687617,0.05770265,0.05347048,0.05662491,0.00396469,0.00488923,0.00359373,0.00339436,0.00268215,0.00343368
"k_sat",0.06998625,0.06816951,0.06478917,0.06406933,0.0706289,0.06458059,0.00596308,0.00229421,0.00476047,0.0032698,0.00433161,0.00597163
"per_routed",0.24040707,0.09758672,0.0831127,0.08357582,0.23760169,0.08274671,0.00382463,0.00456418,0.00402471,0.00525197,0.00545243,0.00545487
"cmelt",0.0639375,0.06101435,0.06857172,0.06953817,0.06506388,0.06848511,0.00627843,0.0049366,0.00449705,0.00419902,0.00278056,0.00326249
"Tb",0.05597859,0.07160618,0.07996019,0.07762891,0.05676743,0.07841592,0.00440514,0.00500216,0.00318913,0.00574782,0.006087,0.00457267
"A1",0.29289595,0.35837356,0.40453244,0.40579564,0.29388964,0.40624273,0.0064028,0.00670414,0.00387733,0.00360018,0.00445602,0.00737714
"B1",0.16150963,0.25771727,0.24207854,0.24213388,0.16087131,0.24267881,0.00496779,0.00591426,0.00578761,0.00341242,0.00511315,0.00373687
"me.S1","mae.S1","mse.S1","rmse.S1","pbias.S1","nse.S1","me.S1_conf","mae.S1_conf","mse.S1_conf","rmse.S1_conf","pbias.S1_conf","nse.S1_conf"
"w",0.00268522,0.00799519,0.00470259,0.00448766,0.00268866,0.00470259,0.00148992,0.00376208,0.00170344,0.002025,0.00184779,0.00136823
"n_imperv",0.00658942,0.02402908,0.00751576,0.00744492,0.00658528,0.00751576,0.00185203,0.00614914,0.00258306,0.00302485,0.00357385,0.00242424
"n_perv",0.0042154,0.00454117,0.00616449,0.00613477,0.00421264,0.00616449,0.00222309,0.00198598,0.00113316,0.00281636,0.00314833,0.00143632
"s_imperv",0.00514836,0.00360399,0.00402356,0.00404076,0.00514446,0.00402356,0.00141037,0.00200127,0.00123902,0.00217249,0.00242509,0.00185516
"s_perv",0.0032335,0.0026694,0.00294764,0.00300521,0.00323595,0.00294764,0.00207989,0.00249666,0.00165708,0.00186778,0.0017964,0.0026896
"k_sat",0.04728377,0.02851055,0.02318208,0.02220477,0.04727282,0.02318208,0.0062538,0.00354417,0.00414081,0.00455152,0.00406678,0.00351673
"per_routed",0.27036188,0.05026832,0.02616933,0.0256604,0.27036968,0.02616933,0.01124061,0.0043033,0.00282604,0.00321624,0.01230197,0.00383812
"cmelt",0.00940235,0.01524009,0.03137708,0.03506967,0.00940858,0.03137708,0.00243566,0.00385683,0.00622972,0.00673991,0.00266062,0.0061673
"Tb",0.00547399,0.01995698,0.03386475,0.03449023,0.00546537,0.03386475,0.00149075,0.00368592,0.00435635,0.00552942,0.00166401,0.00414167
"A1",0.50282002,0.42230867,0.4962848,0.50387261,0.50281131,0.4962848,0.01022597,0.00724002,0.01137322,0.01558884,0.01141501,0.01240961
"B1",0.08295966,0.30108712,0.20596573,0.19554678,0.08297281,0.20596573,0.01006425,0.01228198,0.01416466,0.01488188,0.00947068,0.01472396
"me.delta","mae.delta","mse.delta","rmse.delta","pbias.delta","nse.delta","me.delta_conf","mae.delta_conf","mse.delta_conf","rmse.delta_conf","pbias.delta_conf","nse.delta_conf"
"w",0.05601336,0.07396854,0.0672814,0.0669781,0.05533892,0.06700337,0.00442887,0.00416808,0.00418884,0.00462359,0.00318085,0.00496566
"n_imperv",0.06496672,0.09000275,0.07031284,0.06881623,0.06620219,0.07049266,0.00405992,0.00398676,0.00570425,0.00525033,0.00521903,0.00520951
"n_perv",0.06241072,0.05917657,0.06000291,0.05823995,0.06210953,0.05820014,0.00327508,0.00407164,0.00470963,0.00292446,0.00496289,0.0062974
"s_imperv",0.05759209,0.05544154,0.05680788,0.05775375,0.05729447,0.05720184,0.00547084,0.00447571,0.00482063,0.00261575,0.00405369,0.00248295
"s_perv",0.05270404,0.05688336,0.05682617,0.05661043,0.05281099,0.05621883,0.00464985,0.00400944,0.00478846,0.00271212,0.00386009,0.00419342
"k_sat",0.0686213,0.06808186,0.06451265,0.06455704,0.07014356,0.06506715,0.00380228,0.00246809,0.00384379,0.00497751,0.00538519,0.00464029
"per_routed",0.23989922,0.09799414,0.08481525,0.08437028,0.23885044,0.08449802,0.00513201,0.00335625,0.00360347,0.00621694,0.00453587,0.00437014
"cmelt",0.06509498,0.05953899,0.06975962,0.06909104,0.06543629,0.0677247,0.00343933,0.00501282,0.00341126,0.0023894,0.00470047,0.0045656
"Tb",0.05607631,0.07151389,0.07846929,0.07798895,0.05577808,0.0782132,0.00336511,0.00351897,0.00291979,0.00556294,0.0033434,0.00434813
"A1",0.29171822,0.35698756,0.40590413,0.40531663,0.29244168,0.4051283,0.00598059,0.00462238,0.00573208,0.00529019,0.00668577,0.00489317
"B1",0.15846034,0.2563432,0.24179072,0.24262413,0.16114117,0.24186075,0.00406946,0.0045163,0.00628379,0.00374996,0.00366712,0.00480734
"me.S1","mae.S1","mse.S1","rmse.S1","pbias.S1","nse.S1","me.S1_conf","mae.S1_conf","mse.S1_conf","rmse.S1_conf","pbias.S1_conf","nse.S1_conf"
"w",0.00268522,0.00799519,0.00470259,0.00448766,0.00268866,0.00470259,0.0018459,0.00228719,0.00239654,0.00196695,0.002074,0.00145383
"n_imperv",0.00658942,0.02402908,0.00751576,0.00744492,0.00658528,0.00751576,0.00205725,0.00307278,0.0036249,0.00332624,0.00114123,0.00360857
"n_perv",0.0042154,0.00454117,0.00616449,0.00613477,0.00421264,0.00616449,0.00223155,0.00207576,0.00245483,0.00318627,0.00231647,0.00179466
"s_imperv",0.00514836,0.00360399,0.00402356,0.00404076,0.00514446,0.00402356,0.00219686,0.00210865,0.00254396,0.00143888,0.0015649,0.00195208
"s_perv",0.0032335,0.0026694,0.00294764,0.00300521,0.00323595,0.00294764,0.0007024,0.00201242,0.00104003,0.00209896,0.00184285,0.00126436
"k_sat",0.04728377,0.02851055,0.02318208,0.02220477,0.04727282,0.02318208,0.00647863,0.00638826,0.00387991,0.00503329,0.00641638,0.0046999
"per_routed",0.27036188,0.05026832,0.02616933,0.0256604,0.27036968,0.02616933,0.01084037,0.00362087,0.00422273,0.00587063,0.01141452,0.00457671
"cmelt",0.00940235,0.01524009,0.03137708,0.03506967,0.00940858,0.03137708,0.00209968,0.00340249,0.00963268,0.00575734,0.00240762,0.00744284
"Tb",0.00547399,0.01995698,0.03386475,0.03449023,0.00546537,0.03386475,0.00176328,0.00373901,0.00315174,0.00343631,0.00231555,0.00480508
"A1",0.50282002,0.42230867,0.4962848,0.50387261,0.50281131,0.4962848,0.01200666,0.0091743,0.01116117,0.00797716,0.01162908,0.00827568
"B1",0.08295966,0.30108712,0.20596573,0.19554678,0.08297281,0.20596573,0.01182905,0.01042971,0.00870426,0.01268143,0.0102405,0.01218819
"me.delta","mae.delta","mse.delta","rmse.delta","pbias.delta","nse.delta","me.delta_conf","mae.delta_conf","mse.delta_conf","rmse.delta_conf","pbias.delta_conf","nse.delta_conf"
"w",0.05601336,0.07396854,0.0672814,0.0669781,0.05533892,0.06700337,0.00442887,0.00416808,0.00418884,0.00462359,0.00318085,0.00496566
"n_imperv",0.06496672,0.09000275,0.07031284,0.06881623,0.06620219,0.07049266,0.00405992,0.00398676,0.00570425,0.00525033,0.00521903,0.00520951
"n_perv",0.06241072,0.05917657,0.06000291,0.05823995,0.06210953,0.05820014,0.00327508,0.00407164,0.00470963,0.00292446,0.00496289,0.0062974
"s_imperv",0.05759209,0.05544154,0.05680788,0.05775375,0.05729447,0.05720184,0.00547084,0.00447571,0.00482063,0.00261575,0.00405369,0.00248295
"s_perv",0.05270404,0.05688336,0.05682617,0.05661043,0.05281099,0.05621883,0.00464985,0.00400944,0.00478846,0.00271212,0.00386009,0.00419342
"k_sat",0.0686213,0.06808186,0.06451265,0.06455704,0.07014356,0.06506715,0.00380228,0.00246809,0.00384379,0.00497751,0.00538519,0.00464029
"per_routed",0.23989922,0.09799414,0.08481525,0.08437028,0.23885044,0.08449802,0.00513201,0.00335625,0.00360347,0.00621694,0.00453587,0.00437014
"cmelt",0.06509498,0.05953899,0.06975962,0.06909104,0.06543629,0.0677247,0.00343933,0.00501282,0.00341126,0.0023894,0.00470047,0.0045656
"Tb",0.05607631,0.07151389,0.07846929,0.07798895,0.05577808,0.0782132,0.00336511,0.00351897,0.00291979,0.00556294,0.0033434,0.00434813
"A1",0.29171822,0.35698756,0.40590413,0.40531663,0.29244168,0.4051283,0.00598059,0.00462238,0.00573208,0.00529019,0.00668577,0.00489317
"B1",0.15846034,0.2563432,0.24179072,0.24262413,0.16114117,0.24186075,0.00406946,0.0045163,0.00628379,0.00374996,0.00366712,0.00480734
"me.S1","mae.S1","mse.S1","rmse.S1","pbias.S1","nse.S1","me.S1_conf","mae.S1_conf","mse.S1_conf","rmse.S1_conf","pbias.S1_conf","nse.S1_conf"
"w",0.00268522,0.00799519,0.00470259,0.00448766,0.00268866,0.00470259,0.0018459,0.00228719,0.00239654,0.00196695,0.002074,0.00145383
"n_imperv",0.00658942,0.02402908,0.00751576,0.00744492,0.00658528,0.00751576,0.00205725,0.00307278,0.0036249,0.00332624,0.00114123,0.00360857
"n_perv",0.0042154,0.00454117,0.00616449,0.00613477,0.00421264,0.00616449,0.00223155,0.00207576,0.00245483,0.00318627,0.00231647,0.00179466
"s_imperv",0.00514836,0.00360399,0.00402356,0.00404076,0.00514446,0.00402356,0.00219686,0.00210865,0.00254396,0.00143888,0.0015649,0.00195208
"s_perv",0.0032335,0.0026694,0.00294764,0.00300521,0.00323595,0.00294764,0.0007024,0.00201242,0.00104003,0.00209896,0.00184285,0.00126436
"k_sat",0.04728377,0.02851055,0.02318208,0.02220477,0.04727282,0.02318208,0.00647863,0.00638826,0.00387991,0.00503329,0.00641638,0.0046999
"per_routed",0.27036188,0.05026832,0.02616933,0.0256604,0.27036968,0.02616933,0.01084037,0.00362087,0.00422273,0.00587063,0.01141452,0.00457671
"cmelt",0.00940235,0.01524009,0.03137708,0.03506967,0.00940858,0.03137708,0.00209968,0.00340249,0.00963268,0.00575734,0.00240762,0.00744284
"Tb",0.00547399,0.01995698,0.03386475,0.03449023,0.00546537,0.03386475,0.00176328,0.00373901,0.00315174,0.00343631,0.00231555,0.00480508
"A1",0.50282002,0.42230867,0.4962848,0.50387261,0.50281131,0.4962848,0.01200666,0.0091743,0.01116117,0.00797716,0.01162908,0.00827568
"B1",0.08295966,0.30108712,0.20596573,0.19554678,0.08297281,0.20596573,0.01182905,0.01042971,0.00870426,0.01268143,0.0102405,0.01218819
"me.delta","mae.delta","mse.delta","rmse.delta","pbias.delta","nse.delta","me.delta_conf","mae.delta_conf","mse.delta_conf","rmse.delta_conf","pbias.delta_conf","nse.delta_conf"
"w",0.05601336,0.07396854,0.0672814,0.0669781,0.05533892,0.06700337,0.00442887,0.00416808,0.00418884,0.00462359,0.00318085,0.00496566
"n_imperv",0.06496672,0.09000275,0.07031284,0.06881623,0.06620219,0.07049266,0.00405992,0.00398676,0.00570425,0.00525033,0.00521903,0.00520951
"n_perv",0.06241072,0.05917657,0.06000291,0.05823995,0.06210953,0.05820014,0.00327508,0.00407164,0.00470963,0.00292446,0.00496289,0.0062974
"s_imperv",0.05759209,0.05544154,0.05680788,0.05775375,0.05729447,0.05720184,0.00547084,0.00447571,0.00482063,0.00261575,0.00405369,0.00248295
"s_perv",0.05270404,0.05688336,0.05682617,0.05661043,0.05281099,0.05621883,0.00464985,0.00400944,0.00478846,0.00271212,0.00386009,0.00419342
"k_sat",0.0686213,0.06808186,0.06451265,0.06455704,0.07014356,0.06506715,0.00380228,0.00246809,0.00384379,0.00497751,0.00538519,0.00464029
"per_routed",0.23989922,0.09799414,0.08481525,0.08437028,0.23885044,0.08449802,0.00513201,0.00335625,0.00360347,0.00621694,0.00453587,0.00437014
"cmelt",0.06509498,0.05953899,0.06975962,0.06909104,0.06543629,0.0677247,0.00343933,0.00501282,0.00341126,0.0023894,0.00470047,0.0045656
"Tb",0.05607631,0.07151389,0.07846929,0.07798895,0.05577808,0.0782132,0.00336511,0.00351897,0.00291979,0.00556294,0.0033434,0.00434813
"A1",0.29171822,0.35698756,0.40590413,0.40531663,0.29244168,0.4051283,0.00598059,0.00462238,0.00573208,0.00529019,0.00668577,0.00489317
"B1",0.15846034,0.2563432,0.24179072,0.24262413,0.16114117,0.24186075,0.00406946,0.0045163,0.00628379,0.00374996,0.00366712,0.00480734
"me.S1","mae.S1","mse.S1","rmse.S1","pbias.S1","nse.S1","me.S1_conf","mae.S1_conf","mse.S1_conf","rmse.S1_conf","pbias.S1_conf","nse.S1_conf"
"w",0.00268522,0.00799519,0.00470259,0.00448766,0.00268866,0.00470259,0.0018459,0.00228719,0.00239654,0.00196695,0.002074,0.00145383
"n_imperv",0.00658942,0.02402908,0.00751576,0.00744492,0.00658528,0.00751576,0.00205725,0.00307278,0.0036249,0.00332624,0.00114123,0.00360857
"n_perv",0.0042154,0.00454117,0.00616449,0.00613477,0.00421264,0.00616449,0.00223155,0.00207576,0.00245483,0.00318627,0.00231647,0.00179466
"s_imperv",0.00514836,0.00360399,0.00402356,0.00404076,0.00514446,0.00402356,0.00219686,0.00210865,0.00254396,0.00143888,0.0015649,0.00195208
"s_perv",0.0032335,0.0026694,0.00294764,0.00300521,0.00323595,0.00294764,0.0007024,0.00201242,0.00104003,0.00209896,0.00184285,0.00126436
"k_sat",0.04728377,0.02851055,0.02318208,0.02220477,0.04727282,0.02318208,0.00647863,0.00638826,0.00387991,0.00503329,0.00641638,0.0046999
"per_routed",0.27036188,0.05026832,0.02616933,0.0256604,0.27036968,0.02616933,0.01084037,0.00362087,0.00422273,0.00587063,0.01141452,0.00457671
"cmelt",0.00940235,0.01524009,0.03137708,0.03506967,0.00940858,0.03137708,0.00209968,0.00340249,0.00963268,0.00575734,0.00240762,0.00744284
"Tb",0.00547399,0.01995698,0.03386475,0.03449023,0.00546537,0.03386475,0.00176328,0.00373901,0.00315174,0.00343631,0.00231555,0.00480508
"A1",0.50282002,0.42230867,0.4962848,0.50387261,0.50281131,0.4962848,0.01200666,0.0091743,0.01116117,0.00797716,0.01162908,0.00827568
"B1",0.08295966,0.30108712,0.20596573,0.19554678,0.08297281,0.20596573,0.01182905,0.01042971,0.00870426,0.01268143,0.0102405,0.01218819
"me.delta","mae.delta","mse.delta","rmse.delta","pbias.delta","nse.delta","me.delta_conf","mae.delta_conf","mse.delta_conf","rmse.delta_conf","pbias.delta_conf","nse.delta_conf"
"w",0.05601336,0.07396854,0.0672814,0.0669781,0.05533892,0.06700337,0.00442887,0.00416808,0.00418884,0.00462359,0.00318085,0.00496566
"n_imperv",0.06496672,0.09000275,0.07031284,0.06881623,0.06620219,0.07049266,0.00405992,0.00398676,0.00570425,0.00525033,0.00521903,0.00520951
"n_perv",0.06241072,0.05917657,0.06000291,0.05823995,0.06210953,0.05820014,0.00327508,0.00407164,0.00470963,0.00292446,0.00496289,0.0062974
"s_imperv",0.05759209,0.05544154,0.05680788,0.05775375,0.05729447,0.05720184,0.00547084,0.00447571,0.00482063,0.00261575,0.00405369,0.00248295
"s_perv",0.05270404,0.05688336,0.05682617,0.05661043,0.05281099,0.05621883,0.00464985,0.00400944,0.00478846,0.00271212,0.00386009,0.00419342
"k_sat",0.0686213,0.06808186,0.06451265,0.06455704,0.07014356,0.06506715,0.00380228,0.00246809,0.00384379,0.00497751,0.00538519,0.00464029
"per_routed",0.23989922,0.09799414,0.08481525,0.08437028,0.23885044,0.08449802,0.00513201,0.00335625,0.00360347,0.00621694,0.00453587,0.00437014
"cmelt",0.06509498,0.05953899,0.06975962,0.06909104,0.06543629,0.0677247,0.00343933,0.00501282,0.00341126,0.0023894,0.00470047,0.0045656
"Tb",0.05607631,0.07151389,0.07846929,0.07798895,0.05577808,0.0782132,0.00336511,0.00351897,0.00291979,0.00556294,0.0033434,0.00434813
"A1",0.29171822,0.35698756,0.40590413,0.40531663,0.29244168,0.4051283,0.00598059,0.00462238,0.00573208,0.00529019,0.00668577,0.00489317
"B1",0.15846034,0.2563432,0.24179072,0.24262413,0.16114117,0.24186075,0.00406946,0.0045163,0.00628379,0.00374996,0.00366712,0.00480734
"me.S1","mae.S1","mse.S1","rmse.S1","pbias.S1","nse.S1","me.S1_conf","mae.S1_conf","mse.S1_conf","rmse.S1_conf","pbias.S1_conf","nse.S1_conf"
"w",0.00268522,0.00799519,0.00470259,0.00448766,0.00268866,0.00470259,0.0018459,0.00228719,0.00239654,0.00196695,0.002074,0.00145383
"n_imperv",0.00658942,0.02402908,0.00751576,0.00744492,0.00658528,0.00751576,0.00205725,0.00307278,0.0036249,0.00332624,0.00114123,0.00360857
"n_perv",0.0042154,0.00454117,0.00616449,0.00613477,0.00421264,0.00616449,0.00223155,0.00207576,0.00245483,0.00318627,0.00231647,0.00179466
"s_imperv",0.00514836,0.00360399,0.00402356,0.00404076,0.00514446,0.00402356,0.00219686,0.00210865,0.00254396,0.00143888,0.0015649,0.00195208
"s_perv",0.0032335,0.0026694,0.00294764,0.00300521,0.00323595,0.00294764,0.0007024,0.00201242,0.00104003,0.00209896,0.00184285,0.00126436
"k_sat",0.04728377,0.02851055,0.02318208,0.02220477,0.04727282,0.02318208,0.00647863,0.00638826,0.00387991,0.00503329,0.00641638,0.0046999
"per_routed",0.27036188,0.05026832,0.02616933,0.0256604,0.27036968,0.02616933,0.01084037,0.00362087,0.00422273,0.00587063,0.01141452,0.00457671
"cmelt",0.00940235,0.01524009,0.03137708,0.03506967,0.00940858,0.03137708,0.00209968,0.00340249,0.00963268,0.00575734,0.00240762,0.00744284
"Tb",0.00547399,0.01995698,0.03386475,0.03449023,0.00546537,0.03386475,0.00176328,0.00373901,0.00315174,0.00343631,0.00231555,0.00480508
"A1",0.50282002,0.42230867,0.4962848,0.50387261,0.50281131,0.4962848,0.01200666,0.0091743,0.01116117,0.00797716,0.01162908,0.00827568
"B1",0.08295966,0.30108712,0.20596573,0.19554678,0.08297281,0.20596573,0.01182905,0.01042971,0.00870426,0.01268143,0.0102405,0.01218819
"me.delta","mae.delta","mse.delta","rmse.delta","pbias.delta","nse.delta","me.delta_conf","mae.delta_conf","mse.delta_conf","rmse.delta_conf","pbias.delta_conf","nse.delta_conf"
"w",0.05601336,0.07396854,0.0672814,0.0669781,0.05533892,0.06700337,0.00442887,0.00416808,0.00418884,0.00462359,0.00318085,0.00496566
"n_imperv",0.06496672,0.09000275,0.07031284,0.06881623,0.06620219,0.07049266,0.00405992,0.00398676,0.00570425,0.00525033,0.00521903,0.00520951
"n_perv",0.06241072,0.05917657,0.06000291,0.05823995,0.06210953,0.05820014,0.00327508,0.00407164,0.00470963,0.00292446,0.00496289,0.0062974
"s_imperv",0.05759209,0.05544154,0.05680788,0.05775375,0.05729447,0.05720184,0.00547084,0.00447571,0.00482063,0.00261575,0.00405369,0.00248295
"s_perv",0.05270404,0.05688336,0.05682617,0.05661043,0.05281099,0.05621883,0.00464985,0.00400944,0.00478846,0.00271212,0.00386009,0.00419342
"k_sat",0.0686213,0.06808186,0.06451265,0.06455704,0.07014356,0.06506715,0.00380228,0.00246809,0.00384379,0.00497751,0.00538519,0.00464029
"per_routed",0.23989922,0.09799414,0.08481525,0.08437028,0.23885044,0.08449802,0.00513201,0.00335625,0.00360347,0.00621694,0.00453587,0.00437014
"cmelt",0.06509498,0.05953899,0.06975962,0.06909104,0.06543629,0.0677247,0.00343933,0.00501282,0.00341126,0.0023894,0.00470047,0.0045656
"Tb",0.05607631,0.07151389,0.07846929,0.07798895,0.05577808,0.0782132,0.00336511,0.00351897,0.00291979,0.00556294,0.0033434,0.00434813
"A1",0.29171822,0.35698756,0.40590413,0.40531663,0.29244168,0.4051283,0.00598059,0.00462238,0.00573208,0.00529019,0.00668577,0.00489317
"B1",0.15846034,0.2563432,0.24179072,0.24262413,0.16114117,0.24186075,0.00406946,0.0045163,0.00628379,0.00374996,0.00366712,0.00480734
"me.S1","mae.S1","mse.S1","rmse.S1","pbias.S1","nse.S1","me.S1_conf","mae.S1_conf","mse.S1_conf","rmse.S1_conf","pbias.S1_conf","nse.S1_conf"
"w",0.00268522,0.00799519,0.00470259,0.00448766,0.00268866,0.00470259,0.0018459,0.00228719,0.00239654,0.00196695,0.002074,0.00145383
"n_imperv",0.00658942,0.02402908,0.00751576,0.00744492,0.00658528,0.00751576,0.00205725,0.00307278,0.0036249,0.00332624,0.00114123,0.00360857
"n_perv",0.0042154,0.00454117,0.00616449,0.00613477,0.00421264,0.00616449,0.00223155,0.00207576,0.00245483,0.00318627,0.00231647,0.00179466
"s_imperv",0.00514836,0.00360399,0.00402356,0.00404076,0.00514446,0.00402356,0.00219686,0.00210865,0.00254396,0.00143888,0.0015649,0.00195208
"s_perv",0.0032335,0.0026694,0.00294764,0.00300521,0.00323595,0.00294764,0.0007024,0.00201242,0.00104003,0.00209896,0.00184285,0.00126436
"k_sat",0.04728377,0.02851055,0.02318208,0.02220477,0.04727282,0.02318208,0.00647863,0.00638826,0.00387991,0.00503329,0.00641638,0.0046999
"per_routed",0.27036188,0.05026832,0.02616933,0.0256604,0.27036968,0.02616933,0.01084037,0.00362087,0.00422273,0.00587063,0.01141452,0.00457671
"cmelt",0.00940235,0.01524009,0.03137708,0.03506967,0.00940858,0.03137708,0.00209968,0.00340249,0.00963268,0.00575734,0.00240762,0.00744284
"Tb",0.00547399,0.01995698,0.03386475,0.03449023,0.00546537,0.03386475,0.00176328,0.00373901,0.00315174,0.00343631,0.00231555,0.00480508
"A1",0.50282002,0.42230867,0.4962848,0.50387261,0.50281131,0.4962848,0.01200666,0.0091743,0.01116117,0.00797716,0.01162908,0.00827568
"B1",0.08295966,0.30108712,0.20596573,0.19554678,0.08297281,0.20596573,0.01182905,0.01042971,0.00870426,0.01268143,0.0102405,0.01218819
"me.delta","mae.delta","mse.delta","rmse.delta","pbias.delta","nse.delta","me.delta_conf","mae.delta_conf","mse.delta_conf","rmse.delta_conf","pbias.delta_conf","nse.delta_conf"
"w",0.05601336,0.07396854,0.0672814,0.0669781,0.05533892,0.06700337,0.00442887,0.00416808,0.00418884,0.00462359,0.00318085,0.00496566
"n_imperv",0.06496672,0.09000275,0.07031284,0.06881623,0.06620219,0.07049266,0.00405992,0.00398676,0.00570425,0.00525033,0.00521903,0.00520951
"n_perv",0.06241072,0.05917657,0.06000291,0.05823995,0.06210953,0.05820014,0.00327508,0.00407164,0.00470963,0.00292446,0.00496289,0.0062974
"s_imperv",0.05759209,0.05544154,0.05680788,0.05775375,0.05729447,0.05720184,0.00547084,0.00447571,0.00482063,0.00261575,0.00405369,0.00248295
"s_perv",0.05270404,0.05688336,0.05682617,0.05661043,0.05281099,0.05621883,0.00464985,0.00400944,0.00478846,0.00271212,0.00386009,0.00419342
"k_sat",0.0686213,0.06808186,0.06451265,0.06455704,0.07014356,0.06506715,0.00380228,0.00246809,0.00384379,0.00497751,0.00538519,0.00464029
"per_routed",0.23989922,0.09799414,0.08481525,0.08437028,0.23885044,0.08449802,0.00513201,0.00335625,0.00360347,0.00621694,0.00453587,0.00437014
"cmelt",0.06509498,0.05953899,0.06975962,0.06909104,0.06543629,0.0677247,0.00343933,0.00501282,0.00341126,0.0023894,0.00470047,0.0045656
"Tb",0.05607631,0.07151389,0.07846929,0.07798895,0.05577808,0.0782132,0.00336511,0.00351897,0.00291979,0.00556294,0.0033434,0.00434813
"A1",0.29171822,0.35698756,0.40590413,0.40531663,0.29244168,0.4051283,0.00598059,0.00462238,0.00573208,0.00529019,0.00668577,0.00489317
"B1",0.15846034,0.2563432,0.24179072,0.24262413,0.16114117,0.24186075,0.00406946,0.0045163,0.00628379,0.00374996,0.00366712,0.00480734
"me.S1","mae.S1","mse.S1","rmse.S1","pbias.S1","nse.S1","me.S1_conf","mae.S1_conf","mse.S1_conf","rmse.S1_conf","pbias.S1_conf","nse.S1_conf"
"w",0.00268522,0.00799519,0.00470259,0.00448766,0.00268866,0.00470259,0.0018459,0.00228719,0.00239654,0.00196695,0.002074,0.00145383
"n_imperv",0.00658942,0.02402908,0.00751576,0.00744492,0.00658528,0.00751576,0.00205725,0.00307278,0.0036249,0.00332624,0.00114123,0.00360857
"n_perv",0.0042154,0.00454117,0.00616449,0.00613477,0.00421264,0.00616449,0.00223155,0.00207576,0.00245483,0.00318627,0.00231647,0.00179466
"s_imperv",0.00514836,0.00360399,0.00402356,0.00404076,0.00514446,0.00402356,0.00219686,0.00210865,0.00254396,0.00143888,0.0015649,0.00195208
"s_perv",0.0032335,0.0026694,0.00294764,0.00300521,0.00323595,0.00294764,0.0007024,0.00201242,0.00104003,0.00209896,0.00184285,0.00126436
"k_sat",0.04728377,0.02851055,0.02318208,0.02220477,0.04727282,0.02318208,0.00647863,0.00638826,0.00387991,0.00503329,0.00641638,0.0046999
"per_routed",0.27036188,0.05026832,0.02616933,0.0256604,0.27036968,0.02616933,0.01084037,0.00362087,0.00422273,0.00587063,0.01141452,0.00457671
"cmelt",0.00940235,0.01524009,0.03137708,0.03506967,0.00940858,0.03137708,0.00209968,0.00340249,0.00963268,0.00575734,0.00240762,0.00744284
"Tb",0.00547399,0.01995698,0.03386475,0.03449023,0.00546537,0.03386475,0.00176328,0.00373901,0.00315174,0.00343631,0.00231555,0.00480508
"A1",0.50282002,0.42230867,0.4962848,0.50387261,0.50281131,0.4962848,0.01200666,0.0091743,0.01116117,0.00797716,0.01162908,0.00827568
"B1",0.08295966,0.30108712,0.20596573,0.19554678,0.08297281,0.20596573,0.01182905,0.01042971,0.00870426,0.01268143,0.0102405,0.01218819
"me.delta","mae.delta","mse.delta","rmse.delta","pbias.delta","nse.delta","me.delta_conf","mae.delta_conf","mse.delta_conf","rmse.delta_conf","pbias.delta_conf","nse.delta_conf"
"w",0.05601336,0.07396854,0.0672814,0.0669781,0.05533892,0.06700337,0.00442887,0.00416808,0.00418884,0.00462359,0.00318085,0.00496566
"n_imperv",0.06496672,0.09000275,0.07031284,0.06881623,0.06620219,0.07049266,0.00405992,0.00398676,0.00570425,0.00525033,0.00521903,0.00520951
"n_perv",0.06241072,0.05917657,0.06000291,0.05823995,0.06210953,0.05820014,0.00327508,0.00407164,0.00470963,0.00292446,0.00496289,0.0062974
"s_imperv",0.05759209,0.05544154,0.05680788,0.05775375,0.05729447,0.05720184,0.00547084,0.00447571,0.00482063,0.00261575,0.00405369,0.00248295
"s_perv",0.05270404,0.05688336,0.05682617,0.05661043,0.05281099,0.05621883,0.00464985,0.00400944,0.00478846,0.00271212,0.00386009,0.00419342
"k_sat",0.0686213,0.06808186,0.06451265,0.06455704,0.07014356,0.06506715,0.00380228,0.00246809,0.00384379,0.00497751,0.00538519,0.00464029
"per_routed",0.23989922,0.09799414,0.08481525,0.08437028,0.23885044,0.08449802,0.00513201,0.00335625,0.00360347,0.00621694,0.00453587,0.00437014
"cmelt",0.06509498,0.05953899,0.06975962,0.06909104,0.06543629,0.0677247,0.00343933,0.00501282,0.00341126,0.0023894,0.00470047,0.0045656
"Tb",0.05607631,0.07151389,0.07846929,0.07798895,0.05577808,0.0782132,0.00336511,0.00351897,0.00291979,0.00556294,0.0033434,0.00434813
"A1",0.29171822,0.35698756,0.40590413,0.40531663,0.29244168,0.4051283,0.00598059,0.00462238,0.00573208,0.00529019,0.00668577,0.00489317
"B1",0.15846034,0.2563432,0.24179072,0.24262413,0.16114117,0.24186075,0.00406946,0.0045163,0.00628379,0.00374996,0.00366712,0.00480734
"me.S1","mae.S1","mse.S1","rmse.S1","pbias.S1","nse.S1","me.S1_conf","mae.S1_conf","mse.S1_conf","rmse.S1_conf","pbias.S1_conf","nse.S1_conf"
"w",0.00268522,0.00799519,0.00470259,0.00448766,0.00268866,0.00470259,0.0018459,0.00228719,0.00239654,0.00196695,0.002074,0.00145383
"n_imperv",0.00658942,0.02402908,0.00751576,0.00744492,0.00658528,0.00751576,0.00205725,0.00307278,0.0036249,0.00332624,0.00114123,0.00360857
"n_perv",0.0042154,0.00454117,0.00616449,0.00613477,0.00421264,0.00616449,0.00223155,0.00207576,0.00245483,0.00318627,0.00231647,0.00179466
"s_imperv",0.00514836,0.00360399,0.00402356,0.00404076,0.00514446,0.00402356,0.00219686,0.00210865,0.00254396,0.00143888,0.0015649,0.00195208
"s_perv",0.0032335,0.0026694,0.00294764,0.00300521,0.00323595,0.00294764,0.0007024,0.00201242,0.00104003,0.00209896,0.00184285,0.00126436
"k_sat",0.04728377,0.02851055,0.02318208,0.02220477,0.04727282,0.02318208,0.00647863,0.00638826,0.00387991,0.00503329,0.00641638,0.0046999
"per_routed",0.27036188,0.05026832,0.02616933,0.0256604,0.27036968,0.02616933,0.01084037,0.00362087,0.00422273,0.00587063,0.01141452,0.00457671
"cmelt",0.00940235,0.01524009,0.03137708,0.03506967,0.00940858,0.03137708,0.00209968,0.00340249,0.00963268,0.00575734,0.00240762,0.00744284
"Tb",0.00547399,0.01995698,0.03386475,0.03449023,0.00546537,0.03386475,0.00176328,0.00373901,0.00315174,0.00343631,0.00231555,0.00480508
"A1",0.50282002,0.42230867,0.4962848,0.50387261,0.50281131,0.4962848,0.01200666,0.0091743,0.01116117,0.00797716,0.01162908,0.00827568
"B1",0.08295966,0.30108712,0.20596573,0.19554678,0.08297281,0.20596573,0.01182905,0.01042971,0.00870426,0.01268143,0.0102405,0.01218819
"me.delta","mae.delta","mse.delta","rmse.delta","pbias.delta","nse.delta","me.delta_conf","mae.delta_conf","mse.delta_conf","rmse.delta_conf","pbias.delta_conf","nse.delta_conf"
"w",0.05601336,0.07396854,0.0672814,0.0669781,0.05533892,0.06700337,0.00442887,0.00416808,0.00418884,0.00462359,0.00318085,0.00496566
"n_imperv",0.06496672,0.09000275,0.07031284,0.06881623,0.06620219,0.07049266,0.00405992,0.00398676,0.00570425,0.00525033,0.00521903,0.00520951
"n_perv",0.06241072,0.05917657,0.06000291,0.05823995,0.06210953,0.05820014,0.00327508,0.00407164,0.00470963,0.00292446,0.00496289,0.0062974
"s_imperv",0.05759209,0.05544154,0.05680788,0.05775375,0.05729447,0.05720184,0.00547084,0.00447571,0.00482063,0.00261575,0.00405369,0.00248295
"s_perv",0.05270404,0.05688336,0.05682617,0.05661043,0.05281099,0.05621883,0.00464985,0.00400944,0.00478846,0.00271212,0.00386009,0.00419342
"k_sat",0.0686213,0.06808186,0.06451265,0.06455704,0.07014356,0.06506715,0.00380228,0.00246809,0.00384379,0.00497751,0.00538519,0.00464029
"per_routed",0.23989922,0.09799414,0.08481525,0.08437028,0.23885044,0.08449802,0.00513201,0.00335625,0.00360347,0.00621694,0.00453587,0.00437014
"cmelt",0.06509498,0.05953899,0.06975962,0.06909104,0.06543629,0.0677247,0.00343933,0.00501282,0.00341126,0.0023894,0.00470047,0.0045656
"Tb",0.05607631,0.07151389,0.07846929,0.07798895,0.05577808,0.0782132,0.00336511,0.00351897,0.00291979,0.00556294,0.0033434,0.00434813
"A1",0.29171822,0.35698756,0.40590413,0.40531663,0.29244168,0.4051283,0.00598059,0.00462238,0.00573208,0.00529019,0.00668577,0.00489317
"B1",0.15846034,0.2563432,0.24179072,0.24262413,0.16114117,0.24186075,0.00406946,0.0045163,0.00628379,0.00374996,0.00366712,0.00480734
"me.S1","mae.S1","mse.S1","rmse.S1","pbias.S1","nse.S1","me.S1_conf","mae.S1_conf","mse.S1_conf","rmse.S1_conf","pbias.S1_conf","nse.S1_conf"
"w",0.00268522,0.00799519,0.00470259,0.00448766,0.00268866,0.00470259,0.0018459,0.00228719,0.00239654,0.00196695,0.002074,0.00145383
"n_imperv",0.00658942,0.02402908,0.00751576,0.00744492,0.00658528,0.00751576,0.00205725,0.00307278,0.0036249,0.00332624,0.00114123,0.00360857
"n_perv",0.0042154,0.00454117,0.00616449,0.00613477,0.00421264,0.00616449,0.00223155,0.00207576,0.00245483,0.00318627,0.00231647,0.00179466
"s_imperv",0.00514836,0.00360399,0.00402356,0.00404076,0.00514446,0.00402356,0.00219686,0.00210865,0.00254396,0.00143888,0.0015649,0.00195208
"s_perv",0.0032335,0.0026694,0.00294764,0.00300521,0.00323595,0.00294764,0.0007024,0.00201242,0.00104003,0.00209896,0.00184285,0.00126436
"k_sat",0.04728377,0.02851055,0.02318208,0.02220477,0.04727282,0.02318208,0.00647863,0.00638826,0.00387991,0.00503329,0.00641638,0.0046999
"per_routed",0.27036188,0.05026832,0.02616933,0.0256604,0.27036968,0.02616933,0.01084037,0.00362087,0.00422273,0.00587063,0.01141452,0.00457671
"cmelt",0.00940235,0.01524009,0.03137708,0.03506967,0.00940858,0.03137708,0.00209968,0.00340249,0.00963268,0.00575734,0.00240762,0.00744284
"Tb",0.00547399,0.01995698,0.03386475,0.03449023,0.00546537,0.03386475,0.00176328,0.00373901,0.00315174,0.00343631,0.00231555,0.00480508
"A1",0.50282002,0.42230867,0.4962848,0.50387261,0.50281131,0.4962848,0.01200666,0.0091743,0.01116117,0.00797716,0.01162908,0.00827568
"B1",0.08295966,0.30108712,0.20596573,0.19554678,0.08297281,0.20596573,0.01182905,0.01042971,0.00870426,0.01268143,0.0102405,0.01218819
"me.delta","mae.delta","mse.delta","rmse.delta","pbias.delta","nse.delta","me.delta_conf","mae.delta_conf","mse.delta_conf","rmse.delta_conf","pbias.delta_conf","nse.delta_conf"
"w",0.05601336,0.07396854,0.0672814,0.0669781,0.05533892,0.06700337,0.00442887,0.00416808,0.00418884,0.00462359,0.00318085,0.00496566
"n_imperv",0.06496672,0.09000275,0.07031284,0.06881623,0.06620219,0.07049266,0.00405992,0.00398676,0.00570425,0.00525033,0.00521903,0.00520951
"n_perv",0.06241072,0.05917657,0.06000291,0.05823995,0.06210953,0.05820014,0.00327508,0.00407164,0.00470963,0.00292446,0.00496289,0.0062974
"s_imperv",0.05759209,0.05544154,0.05680788,0.05775375,0.05729447,0.05720184,0.00547084,0.00447571,0.00482063,0.00261575,0.00405369,0.00248295
"s_perv",0.05270404,0.05688336,0.05682617,0.05661043,0.05281099,0.05621883,0.00464985,0.00400944,0.00478846,0.00271212,0.00386009,0.00419342
"k_sat",0.0686213,0.06808186,0.06451265,0.06455704,0.07014356,0.06506715,0.00380228,0.00246809,0.00384379,0.00497751,0.00538519,0.00464029
"per_routed",0.23989922,0.09799414,0.08481525,0.08437028,0.23885044,0.08449802,0.00513201,0.00335625,0.00360347,0.00621694,0.00453587,0.00437014
"cmelt",0.06509498,0.05953899,0.06975962,0.06909104,0.06543629,0.0677247,0.00343933,0.00501282,0.00341126,0.0023894,0.00470047,0.0045656
"Tb",0.05607631,0.07151389,0.07846929,0.07798895,0.05577808,0.0782132,0.00336511,0.00351897,0.00291979,0.00556294,0.0033434,0.00434813
"A1",0.29171822,0.35698756,0.40590413,0.40531663,0.29244168,0.4051283,0.00598059,0.00462238,0.00573208,0.00529019,0.00668577,0.00489317
"B1",0.15846034,0.2563432,0.24179072,0.24262413,0.16114117,0.24186075,0.00406946,0.0045163,0.00628379,0.00374996,0.00366712,0.00480734
"me.S1","mae.S1","mse.S1","rmse.S1","pbias.S1","nse.S1","me.S1_conf","mae.S1_conf","mse.S1_conf","rmse.S1_conf","pbias.S1_conf","nse.S1_conf"
"w",0.00268522,0.00799519,0.00470259,0.00448766,0.00268866,0.00470259,0.0018459,0.00228719,0.00239654,0.00196695,0.002074,0.00145383
"n_imperv",0.00658942,0.02402908,0.00751576,0.00744492,0.00658528,0.00751576,0.00205725,0.00307278,0.0036249,0.00332624,0.00114123,0.00360857
"n_perv",0.0042154,0.00454117,0.00616449,0.00613477,0.00421264,0.00616449,0.00223155,0.00207576,0.00245483,0.00318627,0.00231647,0.00179466
"s_imperv",0.00514836,0.00360399,0.00402356,0.00404076,0.00514446,0.00402356,0.00219686,0.00210865,0.00254396,0.00143888,0.0015649,0.00195208
"s_perv",0.0032335,0.0026694,0.00294764,0.00300521,0.00323595,0.00294764,0.0007024,0.00201242,0.00104003,0.00209896,0.00184285,0.00126436
"k_sat",0.04728377,0.02851055,0.02318208,0.02220477,0.04727282,0.02318208,0.00647863,0.00638826,0.00387991,0.00503329,0.00641638,0.0046999
"per_routed",0.27036188,0.05026832,0.02616933,0.0256604,0.27036968,0.02616933,0.01084037,0.00362087,0.00422273,0.00587063,0.01141452,0.00457671
"cmelt",0.00940235,0.01524009,0.03137708,0.03506967,0.00940858,0.03137708,0.00209968,0.00340249,0.00963268,0.00575734,0.00240762,0.00744284
"Tb",0.00547399,0.01995698,0.03386475,0.03449023,0.00546537,0.03386475,0.00176328,0.00373901,0.00315174,0.00343631,0.00231555,0.00480508
"A1",0.50282002,0.42230867,0.4962848,0.50387261,0.50281131,0.4962848,0.01200666,0.0091743,0.01116117,0.00797716,0.01162908,0.00827568
"B1",0.08295966,0.30108712,0.20596573,0.19554678,0.08297281,0.20596573,0.01182905,0.01042971,0.00870426,0.01268143,0.0102405,0.01218819
"me.delta","mae.delta","mse.delta","rmse.delta","pbias.delta","nse.delta","me.delta_conf","mae.delta_conf","mse.delta_conf","rmse.delta_conf","pbias.delta_conf","nse.delta_conf"
"w",0.05625997,0.07482228,0.06773896,0.06679862,0.05736575,0.06712829,0.00305868,0.00233873,0.00316883,0.00350874,0.00339268,0.00379835
"n_imperv",0.06740817,0.08896424,0.07007353,0.06901889,0.06635166,0.06978966,0.0022645,0.0028662,0.00270097,0.00531152,0.00593343,0.00493538
"n_perv",0.06168637,0.05918732,0.05893347,0.05833751,0.06307495,0.05871244,0.00429334,0.00328527,0.00416236,0.00371847,0.00502271,0.00444058
"s_imperv",0.05927783,0.05621625,0.05730982,0.05658883,0.05796312,0.05665606,0.00276996,0.00468232,0.00431106,0.00466006,0.00420111,0.00274245
"s_perv",0.05197636,0.05675505,0.05734238,0.05602023,0.0533919,0.05762624,0.00454192,0.0032383,0.00444424,0.00480032,0.00459129,0.00295717
"k_sat",0.0703363,0.06666839,0.06543603,0.06418892,0.06901239,0.0666546,0.00590141,0.00392406,0.00388801,0.00395816,0.00411861,0.00396455
"per_routed",0.2401394,0.09727367,0.08436175,0.08267514,0.23998211,0.08306442,0.00365537,0.00699075,0.00416962,0.00600145,0.00431459,0.00476017
"cmelt",0.06461824,0.06053419,0.0680062,0.06961395,0.06602846,0.0686417,0.00301082,0.00257166,0.00360212,0.00388655,0.00389724,0.00341292
"Tb",0.0574186,0.07127285,0.07669807,0.07721589,0.05775071,0.07800562,0.00510712,0.00557405,0.00305631,0.00386098,0.00330644,0.00577233
"A1",0.29326608,0.35967112,0.40518687,0.40568582,0.29226744,0.40508427,0.00973949,0.00459954,0.0039629,0.00505337,0.00459582,0.00665284
"B1",0.16052437,0.25675954,0.24208975,0.24253557,0.16140267,0.2422339,0.00321551,0.00441576,0.00662934,0.00250218,0.00380193,0.00380831
"me.S1","mae.S1","mse.S1","rmse.S1","pbias.S1","nse.S1","me.S1_conf","mae.S1_conf","mse.S1_conf","rmse.S1_conf","pbias.S1_conf","nse.S1_conf"
"w",0.00268522,0.00799519,0.00470259,0.00448766,0.00268866,0.00470259,0.00181601,0.00232803,0.00233702,0.00238298,0.00282072,0.00219121
"n_imperv",0.00658942,0.02402908,0.00751576,0.00744492,0.00658528,0.00751576,0.00168021,0.00399006,0.00324556,0.00267024,0.00236342,0.00277992
"n_perv",0.0042154,0.00454117,0.00616449,0.00613477,0.00421264,0.00616449,0.00173338,0.00190453,0.00181439,0.00211724,0.00255356,0.00159942
"s_imperv",0.00514836,0.00360399,0.00402356,0.00404076,0.00514446,0.00402356,0.00256624,0.00150996,0.00243487,0.00204431,0.00242444,0.00216361
"s_perv",0.0032335,0.0026694,0.00294764,0.00300521,0.00323595,0.00294764,0.00152214,0.0010201,0.00224882,0.00121544,0.00226744,0.00228634
"k_sat",0.04728377,0.02851055,0.02318208,0.02220477,0.04727282,0.02318208,0.00621295,0.00601347,0.00691023,0.00388214,0.00620288,0.00400256
"per_routed",0.27036188,0.05026832,0.02616933,0.0256604,0.27036968,0.02616933,0.01198555,0.00673978,0.00463456,0.00406383,0.01511845,0.00414874
"cmelt",0.00940235,0.01524009,0.03137708,0.03506967,0.00940858,0.03137708,0.0037172,0.00465021,0.00851661,0.00464824,0.00331857,0.00857183
"Tb",0.00547399,0.01995698,0.03386475,0.03449023,0.00546537,0.03386475,0.00118187,0.00387643,0.0048083,0.00451835,0.00280859,0.00342608
"A1",0.50282002,0.42230867,0.4962848,0.50387261,0.50281131,0.4962848,0.01063203,0.0061451,0.01129322,0.00890438,0.01296774,0.0116942
"B1",0.08295966,0.30108712,0.20596573,0.19554678,0.08297281,0.20596573,0.00518677,0.01102039,0.01316082,0.0145182,0.00600357,0.01025471
"me.delta","mae.delta","mse.delta","rmse.delta","pbias.delta","nse.delta","me.delta_conf","mae.delta_conf","mse.delta_conf","rmse.delta_conf","pbias.delta_conf","nse.delta_conf"
"w",0.05625997,0.07482228,0.06773896,0.06679862,0.05736575,0.06712829,0.00305868,0.00233873,0.00316883,0.00350874,0.00339268,0.00379835
"n_imperv",0.06740817,0.08896424,0.07007353,0.06901889,0.06635166,0.06978966,0.0022645,0.0028662,0.00270097,0.00531152,0.00593343,0.00493538
"n_perv",0.06168637,0.05918732,0.05893347,0.05833751,0.06307495,0.05871244,0.00429334,0.00328527,0.00416236,0.00371847,0.00502271,0.00444058
"s_imperv",0.05927783,0.05621625,0.05730982,0.05658883,0.05796312,0.05665606,0.00276996,0.00468232,0.00431106,0.00466006,0.00420111,0.00274245
"s_perv",0.05197636,0.05675505,0.05734238,0.05602023,0.0533919,0.05762624,0.00454192,0.0032383,0.00444424,0.00480032,0.00459129,0.00295717
"k_sat",0.0703363,0.06666839,0.06543603,0.06418892,0.06901239,0.0666546,0.00590141,0.00392406,0.00388801,0.00395816,0.00411861,0.00396455
"per_routed",0.2401394,0.09727367,0.08436175,0.08267514,0.23998211,0.08306442,0.00365537,0.00699075,0.00416962,0.00600145,0.00431459,0.00476017
"cmelt",0.06461824,0.06053419,0.0680062,0.06961395,0.06602846,0.0686417,0.00301082,0.00257166,0.00360212,0.00388655,0.00389724,0.00341292
"Tb",0.0574186,0.07127285,0.07669807,0.07721589,0.05775071,0.07800562,0.00510712,0.00557405,0.00305631,0.00386098,0.00330644,0.00577233
"A1",0.29326608,0.35967112,0.40518687,0.40568582,0.29226744,0.40508427,0.00973949,0.00459954,0.0039629,0.00505337,0.00459582,0.00665284
"B1",0.16052437,0.25675954,0.24208975,0.24253557,0.16140267,0.2422339,0.00321551,0.00441576,0.00662934,0.00250218,0.00380193,0.00380831
"me.S1","mae.S1","mse.S1","rmse.S1","pbias.S1","nse.S1","me.S1_conf","mae.S1_conf","mse.S1_conf","rmse.S1_conf","pbias.S1_conf","nse.S1_conf"
"w",0.00268522,0.00799519,0.00470259,0.00448766,0.00268866,0.00470259,0.00181601,0.00232803,0.00233702,0.00238298,0.00282072,0.00219121
"n_imperv",0.00658942,0.02402908,0.00751576,0.00744492,0.00658528,0.00751576,0.00168021,0.00399006,0.00324556,0.00267024,0.00236342,0.00277992
"n_perv",0.0042154,0.00454117,0.00616449,0.00613477,0.00421264,0.00616449,0.00173338,0.00190453,0.00181439,0.00211724,0.00255356,0.00159942
"s_imperv",0.00514836,0.00360399,0.00402356,0.00404076,0.00514446,0.00402356,0.00256624,0.00150996,0.00243487,0.00204431,0.00242444,0.00216361
"s_perv",0.0032335,0.0026694,0.00294764,0.00300521,0.00323595,0.00294764,0.00152214,0.0010201,0.00224882,0.00121544,0.00226744,0.00228634
"k_sat",0.04728377,0.02851055,0.02318208,0.02220477,0.04727282,0.02318208,0.00621295,0.00601347,0.00691023,0.00388214,0.00620288,0.00400256
"per_routed",0.27036188,0.05026832,0.02616933,0.0256604,0.27036968,0.02616933,0.01198555,0.00673978,0.00463456,0.00406383,0.01511845,0.00414874
"cmelt",0.00940235,0.01524009,0.03137708,0.03506967,0.00940858,0.03137708,0.0037172,0.00465021,0.00851661,0.00464824,0.00331857,0.00857183
"Tb",0.00547399,0.01995698,0.03386475,0.03449023,0.00546537,0.03386475,0.00118187,0.00387643,0.0048083,0.00451835,0.00280859,0.00342608
"A1",0.50282002,0.42230867,0.4962848,0.50387261,0.50281131,0.4962848,0.01063203,0.0061451,0.01129322,0.00890438,0.01296774,0.0116942
"B1",0.08295966,0.30108712,0.20596573,0.19554678,0.08297281,0.20596573,0.00518677,0.01102039,0.01316082,0.0145182,0.00600357,0.01025471
