"me.S1","mae.S1","mse.S1","rmse.S1","pbias.S1","nse.S1","me.S1_conf","mae.S1_conf","mse.S1_conf","rmse.S1_conf","pbias.S1_conf","nse.S1_conf"
"w",0.00390586599,0.00471997,0.00932451,0.00935857,0.00442179603,0.00932451,0.00477019,0.00641234,0.0093758,0.00971583,0.00379676,0.00956459
"n_imperv",0,0.01993305,0,0,0,0,0.00922391,0.01408987,0.01308704,0.01183211,0.00839887,0.01305463
"n_perv",0.000910999478,0,0.00066735,0.00055035,0.000928090936,0.00066735,0.00210181,0.0053341,0.01284286,0.01151989,0.00226826,0.01187194
"s_imperv",0,0.00189467,0.00088842,0.00083659,0,0.00088842,0.00426798,0.0025439,0.00141231,0.00124656,0.00409168,0.00122131
"s_perv",0.000322513596,0.00270128,0.00441332,0.00411751,0.00046620188,0.00441332,0.00095293,0.00311456,0.00378495,0.00440627,0.00097141,0.00417371
"k_sat",0.0755535035,0.05513601,0.05411055,0.05080676,0.0755810901,0.05411055,0.04502057,0.03901186,0.03088409,0.03249946,0.04304494,0.04002696
"per_routed",0.267455976,0.05582629,0.02830262,0.02831118,0.267589436,0.02830262,0.05241589,0.02788608,0.01792763,0.01901798,0.04779658,0.0217631
"cmelt",0.0071081505,0.01072175,0.02640971,0.03066345,0.0076081913,0.02640971,0.00886411,0.02176018,0.03405602,0.0361342,0.00818894,0.03455201
"Tb",0.00494296588,0.01317121,0.02902564,0.02961274,0.0050750286,0.02902564,0.0058606,0.01430626,0.02260849,0.02702852,0.00491682,0.02229846
"A1",0.513812349,0.41768639,0.48937156,0.49543369,0.513726568,0.48937156,0.07133385,0.05156919,0.06526204,0.06137771,0.07742922,0.06683028
"B1",0.0939169482,0.31254116,0.2218755,0.21127156,0.0941675119,0.2218755,0.03068236,0.06255101,0.05427217,0.05123275,0.0360641,0.0540252
"me.ST","mae.ST","mse.ST","rmse.ST","pbias.ST","nse.ST","me.ST_conf","mae.ST_conf","mse.ST_conf","rmse.ST_conf","pbias.ST_conf","nse.ST_conf"
"w",0.00258854337,0.00654014,0.0111685755,0.0104730864,0.00260670547,0.0111685755,0.00035108,0.00090896,0.0046349719,0.00387273266,0.00033022,0.0045168515
"n_imperv",0.0129677141,0.02470798,0.0210216262,0.0202673806,0.0129377308,0.0210216261,0.00196908,0.00337668,0.0031327929,0.00292539591,0.00205128,0.00297084597
"n_perv",0.000601280932,0.00277508,0.0263596786,0.0232954784,0.000608487393,0.0263596785,0.0003197,0.00154342,0.0151231647,0.0151569116,0.00034726,0.0177040375
"s_imperv",0.00295290885,0.00068543,0.000197538478,0.000192253365,0.0029717979,0.000197538475,0.0005075,0.00015709,4.39674121e-05,3.58552289e-05,0.00048378,4.04519835e-05
"s_perv",0.000157168886,0.00085705,0.00224330491,0.00204350489,0.000168666261,0.00224330491,0.00011283,0.00059088,0.00154246687,0.00153576429,0.00011549,0.00161407434
"k_sat",0.068162737,0.05969124,0.0804593152,0.072344573,0.0682440299,0.0804593152,0.0280758,0.0301346,0.0460648262,0.0430104385,0.02779985,0.0538532919
"per_routed",0.289087008,0.05903431,0.0428342862,0.0430525239,0.289252104,0.0428342862,0.03122934,0.01212339,0.00726144445,0.00763439856,0.03323628,0.00809102866
"cmelt",0.00758211775,0.03856269,0.0795045421,0.0913767897,0.00755924756,0.0795045421,0.00624331,0.01393014,0.0313798098,0.0317323637,0.00541319,0.0270649942
"Tb",0.00451601246,0.03854759,0.0752999253,0.0816386751,0.00450416992,0.0752999253,0.00062683,0.01337436,0.0246938447,0.0267143466,0.00055632,0.0256711425
"A1",0.557554361,0.50659032,0.57903878,0.581889828,0.557776352,0.57903878,0.06620652,0.05953692,0.0632205177,0.0677039915,0.07305038,0.0688436302
"B1",0.117520551,0.36294523,0.260881417,0.24569033,0.117458391,0.260881417,0.01286383,0.04383329,0.0326914991,0.0260234675,0.01374503,0.0338042196
"me.S1","mae.S1","mse.S1","rmse.S1","pbias.S1","nse.S1","me.S1_conf","mae.S1_conf","mse.S1_conf","rmse.S1_conf","pbias.S1_conf","nse.S1_conf"
"w",0.00390586599,0.00471997,0.00932451,0.00935857,0.00442179603,0.00932451,0.00429065,0.00695687,0.01039308,0.00968604,0.00354735,0.0085575
"n_imperv",0,0.01993305,0,0,0,0,0.01088293,0.01193026,0.01103927,0.01312746,0.00879409,0.01208685
"n_perv",0.000910999478,0,0.00066735,0.00055035,0.000928090936,0.00066735,0.00219921,0.00529802,0.0124559,0.01217471,0.00245924,0.01138213
"s_imperv",0,0.00189467,0.00088842,0.00083659,0,0.00088842,0.00474381,0.00238601,0.00136468,0.00129634,0.00405444,0.00138891
"s_perv",0.000322513596,0.00270128,0.00441332,0.00411751,0.00046620188,0.00441332,9e-04,0.00386662,0.00377695,0.00394957,0.00108986,0.00355367
"k_sat",0.0755535035,0.05513601,0.05411055,0.05080676,0.0755810901,0.05411055,0.04032146,0.04239393,0.03644391,0.03401257,0.0409844,0.03767768
"per_routed",0.267455976,0.05582629,0.02830262,0.02831118,0.267589436,0.02830262,0.05575205,0.02914978,0.01768467,0.0210033,0.04510694,0.01874677
"cmelt",0.0071081505,0.01072175,0.02640971,0.03066345,0.0076081913,0.02640971,0.00834952,0.02060141,0.0351721,0.04088063,0.00783552,0.03355524
"Tb",0.00494296588,0.01317121,0.02902564,0.02961274,0.0050750286,0.02902564,0.00559224,0.01988027,0.02785083,0.02468832,0.00646362,0.02253128
"A1",0.513812349,0.41768639,0.48937156,0.49543369,0.513726568,0.48937156,0.0899714,0.06014266,0.07859413,0.06687918,0.07213409,0.0636926
"B1",0.0939169482,0.31254116,0.2218755,0.21127156,0.0941675119,0.2218755,0.03669607,0.05632191,0.04455859,0.04728663,0.03597105,0.04580657
"me.ST","mae.ST","mse.ST","rmse.ST","pbias.ST","nse.ST","me.ST_conf","mae.ST_conf","mse.ST_conf","rmse.ST_conf","pbias.ST_conf","nse.ST_conf"
"w",0.00258854337,0.00654014,0.0111685755,0.0104730864,0.00260670547,0.0111685755,0.00036563,0.00081011,0.00471176844,0.00385958136,0.00036921,0.00352226633
"n_imperv",0.0129677141,0.02470798,0.0210216262,0.0202673806,0.0129377308,0.0210216261,0.00191158,0.00277166,0.00317012377,0.00244417,0.00194707,0.00266922182
"n_perv",0.000601280932,0.00277508,0.0263596786,0.0232954784,0.000608487393,0.0263596785,0.00032072,0.00156528,0.0153013961,0.0155315122,0.00030493,0.0165016824
"s_imperv",0.00295290885,0.00068543,0.000197538478,0.000192253365,0.0029717979,0.000197538475,0.00042437,0.00013595,4.61272679e-05,4.40127205e-05,0.00046809,3.98916483e-05
"s_perv",0.000157168886,0.00085705,0.00224330491,0.00204350489,0.000168666261,0.00224330491,0.00010183,0.00063221,0.0014897479,0.00133444387,0.00010846,0.00143990906
"k_sat",0.068162737,0.05969124,0.0804593152,0.072344573,0.0682440299,0.0804593152,0.02397083,0.0306086,0.0434694921,0.0408307675,0.03298475,0.0477281193
"per_routed",0.289087008,0.05903431,0.0428342862,0.0430525239,0.289252104,0.0428342862,0.03088931,0.00911549,0.00780705358,0.00782963229,0.03199368,0.00691407049
"cmelt",0.00758211775,0.03856269,0.0795045421,0.0913767897,0.00755924756,0.0795045421,0.00602743,0.01360283,0.0303362831,0.0309574536,0.00606415,0.0245497806
"Tb",0.00451601246,0.03854759,0.0752999253,0.0816386751,0.00450416992,0.0752999253,0.00061421,0.0144329,0.0237501896,0.0265528452,0.00071484,0.0256597021
"A1",0.557554361,0.50659032,0.57903878,0.581889828,0.557776352,0.57903878,0.06729347,0.06396647,0.072894546,0.0751644105,0.06621877,0.0703247468
"B1",0.117520551,0.36294523,0.260881417,0.24569033,0.117458391,0.260881417,0.01222542,0.04213558,0.034242274,0.0315368522,0.01266877,0.0330389654
"me.S1","mae.S1","mse.S1","rmse.S1","pbias.S1","nse.S1","me.S1_conf","mae.S1_conf","mse.S1_conf","rmse.S1_conf","pbias.S1_conf","nse.S1_conf"
"w",0.00390586599,0.00471997,0.00932451,0.00935857,0.00442179603,0.00932451,0.00429065,0.00695687,0.01039308,0.00968604,0.00354735,0.0085575
"n_imperv",0,0.01993305,0,0,0,0,0.01088293,0.01193026,0.01103927,0.01312746,0.00879409,0.01208685
"n_perv",0.000910999478,0,0.00066735,0.00055035,0.000928090936,0.00066735,0.00219921,0.00529802,0.0124559,0.01217471,0.00245924,0.01138213
"s_imperv",0,0.00189467,0.00088842,0.00083659,0,0.00088842,0.00474381,0.00238601,0.00136468,0.00129634,0.00405444,0.00138891
"s_perv",0.000322513596,0.00270128,0.00441332,0.00411751,0.00046620188,0.00441332,9e-04,0.00386662,0.00377695,0.00394957,0.00108986,0.00355367
"k_sat",0.0755535035,0.05513601,0.05411055,0.05080676,0.0755810901,0.05411055,0.04032146,0.04239393,0.03644391,0.03401257,0.0409844,0.03767768
"per_routed",0.267455976,0.05582629,0.02830262,0.02831118,0.267589436,0.02830262,0.05575205,0.02914978,0.01768467,0.0210033,0.04510694,0.01874677
"cmelt",0.0071081505,0.01072175,0.02640971,0.03066345,0.0076081913,0.02640971,0.00834952,0.02060141,0.0351721,0.04088063,0.00783552,0.03355524
"Tb",0.00494296588,0.01317121,0.02902564,0.02961274,0.0050750286,0.02902564,0.00559224,0.01988027,0.02785083,0.02468832,0.00646362,0.02253128
"A1",0.513812349,0.41768639,0.48937156,0.49543369,0.513726568,0.48937156,0.0899714,0.06014266,0.07859413,0.06687918,0.07213409,0.0636926
"B1",0.0939169482,0.31254116,0.2218755,0.21127156,0.0941675119,0.2218755,0.03669607,0.05632191,0.04455859,0.04728663,0.03597105,0.04580657
"me.ST","mae.ST","mse.ST","rmse.ST","pbias.ST","nse.ST","me.ST_conf","mae.ST_conf","mse.ST_conf","rmse.ST_conf","pbias.ST_conf","nse.ST_conf"
"w",0.00258854337,0.00654014,0.0111685755,0.0104730864,0.00260670547,0.0111685755,0.00036563,0.00081011,0.00471176844,0.00385958136,0.00036921,0.00352226633
"n_imperv",0.0129677141,0.02470798,0.0210216262,0.0202673806,0.0129377308,0.0210216261,0.00191158,0.00277166,0.00317012377,0.00244417,0.00194707,0.00266922182
"n_perv",0.000601280932,0.00277508,0.0263596786,0.0232954784,0.000608487393,0.0263596785,0.00032072,0.00156528,0.0153013961,0.0155315122,0.00030493,0.0165016824
"s_imperv",0.00295290885,0.00068543,0.000197538478,0.000192253365,0.0029717979,0.000197538475,0.00042437,0.00013595,4.61272679e-05,4.40127205e-05,0.00046809,3.98916483e-05
"s_perv",0.000157168886,0.00085705,0.00224330491,0.00204350489,0.000168666261,0.00224330491,0.00010183,0.00063221,0.0014897479,0.00133444387,0.00010846,0.00143990906
"k_sat",0.068162737,0.05969124,0.0804593152,0.072344573,0.0682440299,0.0804593152,0.02397083,0.0306086,0.0434694921,0.0408307675,0.03298475,0.0477281193
"per_routed",0.289087008,0.05903431,0.0428342862,0.0430525239,0.289252104,0.0428342862,0.03088931,0.00911549,0.00780705358,0.00782963229,0.03199368,0.00691407049
"cmelt",0.00758211775,0.03856269,0.0795045421,0.0913767897,0.00755924756,0.0795045421,0.00602743,0.01360283,0.0303362831,0.0309574536,0.00606415,0.0245497806
"Tb",0.00451601246,0.03854759,0.0752999253,0.0816386751,0.00450416992,0.0752999253,0.00061421,0.0144329,0.0237501896,0.0265528452,0.00071484,0.0256597021
"A1",0.557554361,0.50659032,0.57903878,0.581889828,0.557776352,0.57903878,0.06729347,0.06396647,0.072894546,0.0751644105,0.06621877,0.0703247468
"B1",0.117520551,0.36294523,0.260881417,0.24569033,0.117458391,0.260881417,0.01222542,0.04213558,0.034242274,0.0315368522,0.01266877,0.0330389654
"me.S1","mae.S1","mse.S1","rmse.S1","pbias.S1","nse.S1","me.S1_conf","mae.S1_conf","mse.S1_conf","rmse.S1_conf","pbias.S1_conf","nse.S1_conf"
"w",0.00390586599,0.00471997,0.00932451,0.00935857,0.00442179603,0.00932451,0.00460212,0.00692209,0.00858869,0.00961338,0.00413715,0.01024303
"n_imperv",0,0.01993305,0,0,0,0,0.00934516,0.01342089,0.01259806,0.01230806,0.01079113,0.01407207
"n_perv",0.000910999478,0,0.00066735,0.00055035,0.000928090936,0.00066735,0.0022846,0.00568696,0.01145736,0.00954469,0.00202408,0.0118365
"s_imperv",0,0.00189467,0.00088842,0.00083659,0,0.00088842,0.00447291,0.00251376,0.00144072,0.00130228,0.00430174,0.00138211
"s_perv",0.000322513596,0.00270128,0.00441332,0.00411751,0.00046620188,0.00441332,0.00089162,0.00357454,0.00319319,0.00329839,0.00119924,0.00388486
"k_sat",0.0755535035,0.05513601,0.05411055,0.05080676,0.0755810901,0.05411055,0.03924754,0.04431662,0.03439051,0.03145321,0.03710593,0.03422148
"per_routed",0.267455976,0.05582629,0.02830262,0.02831118,0.267589436,0.02830262,0.04641017,0.03054734,0.02018885,0.01884973,0.04705304,0.02034452
"cmelt",0.0071081505,0.01072175,0.02640971,0.03066345,0.0076081913,0.02640971,0.00757382,0.02246427,0.03378584,0.04008667,0.00765131,0.03276811
"Tb",0.00494296588,0.01317121,0.02902564,0.02961274,0.0050750286,0.02902564,0.0058247,0.01718452,0.02610908,0.02643203,0.00568546,0.02758362
"A1",0.513812349,0.41768639,0.48937156,0.49543369,0.513726568,0.48937156,0.067384,0.05817514,0.06299687,0.06602146,0.07778085,0.06469653
"B1",0.0939169482,0.31254116,0.2218755,0.21127156,0.0941675119,0.2218755,0.03784737,0.06255142,0.04560258,0.04386549,0.03616474,0.05058228
"me.ST","mae.ST","mse.ST","rmse.ST","pbias.ST","nse.ST","me.ST_conf","mae.ST_conf","mse.ST_conf","rmse.ST_conf","pbias.ST_conf","nse.ST_conf"
"w",0.00258854337,0.00654014,0.0111685755,0.0104730864,0.00260670547,0.0111685755,0.00040808,0.00073128,0.00432957975,0.00312673464,0.00039273,0.00425999449
"n_imperv",0.0129677141,0.02470798,0.0210216262,0.0202673806,0.0129377308,0.0210216261,0.0022441,0.00312006,0.00284647269,0.00300820483,0.00199689,0.00297597155
"n_perv",0.000601280932,0.00277508,0.0263596786,0.0232954784,0.000608487393,0.0263596785,0.00033097,0.00166003,0.0163570385,0.0141482244,0.00035472,0.0154945976
"s_imperv",0.00295290885,0.00068543,0.000197538478,0.000192253365,0.0029717979,0.000197538475,0.00055971,0.00013298,4.26608795e-05,4.4049398e-05,0.00054807,4.53846155e-05
"s_perv",0.000157168886,0.00085705,0.00224330491,0.00204350489,0.000168666261,0.00224330491,0.00011674,0.00066365,0.00139175027,0.00123989082,0.00012565,0.00165578904
"k_sat",0.068162737,0.05969124,0.0804593152,0.072344573,0.0682440299,0.0804593152,0.02699624,0.03446665,0.0431599124,0.037812161,0.02655127,0.0419059614
"per_routed",0.289087008,0.05903431,0.0428342862,0.0430525239,0.289252104,0.0428342862,0.02800772,0.00948018,0.0076178059,0.00774790456,0.02923852,0.0074014755
"cmelt",0.00758211775,0.03856269,0.0795045421,0.0913767897,0.00755924756,0.0795045421,0.00548028,0.01557025,0.0290330144,0.0324112759,0.00517504,0.0309601884
"Tb",0.00451601246,0.03854759,0.0752999253,0.0816386751,0.00450416992,0.0752999253,0.00065633,0.0160138,0.0232872997,0.0273909337,0.00061979,0.0267987621
"A1",0.557554361,0.50659032,0.57903878,0.581889828,0.557776352,0.57903878,0.06186398,0.06894565,0.0632922514,0.0739786865,0.07211184,0.0715149756
"B1",0.117520551,0.36294523,0.260881417,0.24569033,0.117458391,0.260881417,0.01505392,0.03963659,0.0299488696,0.0286966328,0.01206927,0.0328253064
"me.S1","mae.S1","mse.S1","rmse.S1","pbias.S1","nse.S1","me.S1_conf","mae.S1_conf","mse.S1_conf","rmse.S1_conf","pbias.S1_conf","nse.S1_conf"
"w",0.00390586599,0.00471997,0.00932451,0.00935857,0.00442179603,0.00932451,0.00460212,0.00692209,0.00858869,0.00961338,0.00413715,0.01024303
"n_imperv",0,0.01993305,0,0,0,0,0.00934516,0.01342089,0.01259806,0.01230806,0.01079113,0.01407207
"n_perv",0.000910999478,0,0.00066735,0.00055035,0.000928090936,0.00066735,0.0022846,0.00568696,0.01145736,0.00954469,0.00202408,0.0118365
"s_imperv",0,0.00189467,0.00088842,0.00083659,0,0.00088842,0.00447291,0.00251376,0.00144072,0.00130228,0.00430174,0.00138211
"s_perv",0.000322513596,0.00270128,0.00441332,0.00411751,0.00046620188,0.00441332,0.00089162,0.00357454,0.00319319,0.00329839,0.00119924,0.00388486
"k_sat",0.0755535035,0.05513601,0.05411055,0.05080676,0.0755810901,0.05411055,0.03924754,0.04431662,0.03439051,0.03145321,0.03710593,0.03422148
"per_routed",0.267455976,0.05582629,0.02830262,0.02831118,0.267589436,0.02830262,0.04641017,0.03054734,0.02018885,0.01884973,0.04705304,0.02034452
"cmelt",0.0071081505,0.01072175,0.02640971,0.03066345,0.0076081913,0.02640971,0.00757382,0.02246427,0.03378584,0.04008667,0.00765131,0.03276811
"Tb",0.00494296588,0.01317121,0.02902564,0.02961274,0.0050750286,0.02902564,0.0058247,0.01718452,0.02610908,0.02643203,0.00568546,0.02758362
"A1",0.513812349,0.41768639,0.48937156,0.49543369,0.513726568,0.48937156,0.067384,0.05817514,0.06299687,0.06602146,0.07778085,0.06469653
"B1",0.0939169482,0.31254116,0.2218755,0.21127156,0.0941675119,0.2218755,0.03784737,0.06255142,0.04560258,0.04386549,0.03616474,0.05058228
"me.ST","mae.ST","mse.ST","rmse.ST","pbias.ST","nse.ST","me.ST_conf","mae.ST_conf","mse.ST_conf","rmse.ST_conf","pbias.ST_conf","nse.ST_conf"
"w",0.00258854337,0.00654014,0.0111685755,0.0104730864,0.00260670547,0.0111685755,0.00040808,0.00073128,0.00432957975,0.00312673464,0.00039273,0.00425999449
"n_imperv",0.0129677141,0.02470798,0.0210216262,0.0202673806,0.0129377308,0.0210216261,0.0022441,0.00312006,0.00284647269,0.00300820483,0.00199689,0.00297597155
"n_perv",0.000601280932,0.00277508,0.0263596786,0.0232954784,0.000608487393,0.0263596785,0.00033097,0.00166003,0.0163570385,0.0141482244,0.00035472,0.0154945976
"s_imperv",0.00295290885,0.00068543,0.000197538478,0.000192253365,0.0029717979,0.000197538475,0.00055971,0.00013298,4.26608795e-05,4.4049398e-05,0.00054807,4.53846155e-05
"s_perv",0.000157168886,0.00085705,0.00224330491,0.00204350489,0.000168666261,0.00224330491,0.00011674,0.00066365,0.00139175027,0.00123989082,0.00012565,0.00165578904
"k_sat",0.068162737,0.05969124,0.0804593152,0.072344573,0.0682440299,0.0804593152,0.02699624,0.03446665,0.0431599124,0.037812161,0.02655127,0.0419059614
"per_routed",0.289087008,0.05903431,0.0428342862,0.0430525239,0.289252104,0.0428342862,0.02800772,0.00948018,0.0076178059,0.00774790456,0.02923852,0.0074014755
"cmelt",0.00758211775,0.03856269,0.0795045421,0.0913767897,0.00755924756,0.0795045421,0.00548028,0.01557025,0.0290330144,0.0324112759,0.00517504,0.0309601884
"Tb",0.00451601246,0.03854759,0.0752999253,0.0816386751,0.00450416992,0.0752999253,0.00065633,0.0160138,0.0232872997,0.0273909337,0.00061979,0.0267987621
"A1",0.557554361,0.50659032,0.57903878,0.581889828,0.557776352,0.57903878,0.06186398,0.06894565,0.0632922514,0.0739786865,0.07211184,0.0715149756
"B1",0.117520551,0.36294523,0.260881417,0.24569033,0.117458391,0.260881417,0.01505392,0.03963659,0.0299488696,0.0286966328,0.01206927,0.0328253064
"me.S1","mae.S1","mse.S1","rmse.S1","pbias.S1","nse.S1","me.S1_conf","mae.S1_conf","mse.S1_conf","rmse.S1_conf","pbias.S1_conf","nse.S1_conf"
"w",0.00390586599,0.00471997,0.00932451,0.00935857,0.00442179603,0.00932451,0.00460212,0.00692209,0.00858869,0.00961338,0.00413715,0.01024303
"n_imperv",0,0.01993305,0,0,0,0,0.00934516,0.01342089,0.01259806,0.01230806,0.01079113,0.01407207
"n_perv",0.000910999478,0,0.00066735,0.00055035,0.000928090936,0.00066735,0.0022846,0.00568696,0.01145736,0.00954469,0.00202408,0.0118365
"s_imperv",0,0.00189467,0.00088842,0.00083659,0,0.00088842,0.00447291,0.00251376,0.00144072,0.00130228,0.00430174,0.00138211
"s_perv",0.000322513596,0.00270128,0.00441332,0.00411751,0.00046620188,0.00441332,0.00089162,0.00357454,0.00319319,0.00329839,0.00119924,0.00388486
"k_sat",0.0755535035,0.05513601,0.05411055,0.05080676,0.0755810901,0.05411055,0.03924754,0.04431662,0.03439051,0.03145321,0.03710593,0.03422148
"per_routed",0.267455976,0.05582629,0.02830262,0.02831118,0.267589436,0.02830262,0.04641017,0.03054734,0.02018885,0.01884973,0.04705304,0.02034452
"cmelt",0.0071081505,0.01072175,0.02640971,0.03066345,0.0076081913,0.02640971,0.00757382,0.02246427,0.03378584,0.04008667,0.00765131,0.03276811
"Tb",0.00494296588,0.01317121,0.02902564,0.02961274,0.0050750286,0.02902564,0.0058247,0.01718452,0.02610908,0.02643203,0.00568546,0.02758362
"A1",0.513812349,0.41768639,0.48937156,0.49543369,0.513726568,0.48937156,0.067384,0.05817514,0.06299687,0.06602146,0.07778085,0.06469653
"B1",0.0939169482,0.31254116,0.2218755,0.21127156,0.0941675119,0.2218755,0.03784737,0.06255142,0.04560258,0.04386549,0.03616474,0.05058228
"me.ST","mae.ST","mse.ST","rmse.ST","pbias.ST","nse.ST","me.ST_conf","mae.ST_conf","mse.ST_conf","rmse.ST_conf","pbias.ST_conf","nse.ST_conf"
"w",0.00258854337,0.00654014,0.0111685755,0.0104730864,0.00260670547,0.0111685755,0.00040808,0.00073128,0.00432957975,0.00312673464,0.00039273,0.00425999449
"n_imperv",0.0129677141,0.02470798,0.0210216262,0.0202673806,0.0129377308,0.0210216261,0.0022441,0.00312006,0.00284647269,0.00300820483,0.00199689,0.00297597155
"n_perv",0.000601280932,0.00277508,0.0263596786,0.0232954784,0.000608487393,0.0263596785,0.00033097,0.00166003,0.0163570385,0.0141482244,0.00035472,0.0154945976
"s_imperv",0.00295290885,0.00068543,0.000197538478,0.000192253365,0.0029717979,0.000197538475,0.00055971,0.00013298,4.26608795e-05,4.4049398e-05,0.00054807,4.53846155e-05
"s_perv",0.000157168886,0.00085705,0.00224330491,0.00204350489,0.000168666261,0.00224330491,0.00011674,0.00066365,0.00139175027,0.00123989082,0.00012565,0.00165578904
"k_sat",0.068162737,0.05969124,0.0804593152,0.072344573,0.0682440299,0.0804593152,0.02699624,0.03446665,0.0431599124,0.037812161,0.02655127,0.0419059614
"per_routed",0.289087008,0.05903431,0.0428342862,0.0430525239,0.289252104,0.0428342862,0.02800772,0.00948018,0.0076178059,0.00774790456,0.02923852,0.0074014755
"cmelt",0.00758211775,0.03856269,0.0795045421,0.0913767897,0.00755924756,0.0795045421,0.00548028,0.01557025,0.0290330144,0.0324112759,0.00517504,0.0309601884
"Tb",0.00451601246,0.03854759,0.0752999253,0.0816386751,0.00450416992,0.0752999253,0.00065633,0.0160138,0.0232872997,0.0273909337,0.00061979,0.0267987621
"A1",0.557554361,0.50659032,0.57903878,0.581889828,0.557776352,0.57903878,0.06186398,0.06894565,0.0632922514,0.0739786865,0.07211184,0.0715149756
"B1",0.117520551,0.36294523,0.260881417,0.24569033,0.117458391,0.260881417,0.01505392,0.03963659,0.0299488696,0.0286966328,0.01206927,0.0328253064
"me.S1","mae.S1","mse.S1","rmse.S1","pbias.S1","nse.S1","me.S1_conf","mae.S1_conf","mse.S1_conf","rmse.S1_conf","pbias.S1_conf","nse.S1_conf"
"w",0.00390586599,0.00471997,0.00932451,0.00935857,0.00442179603,0.00932451,0.00460212,0.00692209,0.00858869,0.00961338,0.00413715,0.01024303
"n_imperv",0,0.01993305,0,0,0,0,0.00934516,0.01342089,0.01259806,0.01230806,0.01079113,0.01407207
"n_perv",0.000910999478,0,0.00066735,0.00055035,0.000928090936,0.00066735,0.0022846,0.00568696,0.01145736,0.00954469,0.00202408,0.0118365
"s_imperv",0,0.00189467,0.00088842,0.00083659,0,0.00088842,0.00447291,0.00251376,0.00144072,0.00130228,0.00430174,0.00138211
"s_perv",0.000322513596,0.00270128,0.00441332,0.00411751,0.00046620188,0.00441332,0.00089162,0.00357454,0.00319319,0.00329839,0.00119924,0.00388486
"k_sat",0.0755535035,0.05513601,0.05411055,0.05080676,0.0755810901,0.05411055,0.03924754,0.04431662,0.03439051,0.03145321,0.03710593,0.03422148
"per_routed",0.267455976,0.05582629,0.02830262,0.02831118,0.267589436,0.02830262,0.04641017,0.03054734,0.02018885,0.01884973,0.04705304,0.02034452
"cmelt",0.0071081505,0.01072175,0.02640971,0.03066345,0.0076081913,0.02640971,0.00757382,0.02246427,0.03378584,0.04008667,0.00765131,0.03276811
"Tb",0.00494296588,0.01317121,0.02902564,0.02961274,0.0050750286,0.02902564,0.0058247,0.01718452,0.02610908,0.02643203,0.00568546,0.02758362
"A1",0.513812349,0.41768639,0.48937156,0.49543369,0.513726568,0.48937156,0.067384,0.05817514,0.06299687,0.06602146,0.07778085,0.06469653
"B1",0.0939169482,0.31254116,0.2218755,0.21127156,0.0941675119,0.2218755,0.03784737,0.06255142,0.04560258,0.04386549,0.03616474,0.05058228
"me.ST","mae.ST","mse.ST","rmse.ST","pbias.ST","nse.ST","me.ST_conf","mae.ST_conf","mse.ST_conf","rmse.ST_conf","pbias.ST_conf","nse.ST_conf"
"w",0.00258854337,0.00654014,0.0111685755,0.0104730864,0.00260670547,0.0111685755,0.00040808,0.00073128,0.00432957975,0.00312673464,0.00039273,0.00425999449
"n_imperv",0.0129677141,0.02470798,0.0210216262,0.0202673806,0.0129377308,0.0210216261,0.0022441,0.00312006,0.00284647269,0.00300820483,0.00199689,0.00297597155
"n_perv",0.000601280932,0.00277508,0.0263596786,0.0232954784,0.000608487393,0.0263596785,0.00033097,0.00166003,0.0163570385,0.0141482244,0.00035472,0.0154945976
"s_imperv",0.00295290885,0.00068543,0.000197538478,0.000192253365,0.0029717979,0.000197538475,0.00055971,0.00013298,4.26608795e-05,4.4049398e-05,0.00054807,4.53846155e-05
"s_perv",0.000157168886,0.00085705,0.00224330491,0.00204350489,0.000168666261,0.00224330491,0.00011674,0.00066365,0.00139175027,0.00123989082,0.00012565,0.00165578904
"k_sat",0.068162737,0.05969124,0.0804593152,0.072344573,0.0682440299,0.0804593152,0.02699624,0.03446665,0.0431599124,0.037812161,0.02655127,0.0419059614
"per_routed",0.289087008,0.05903431,0.0428342862,0.0430525239,0.289252104,0.0428342862,0.02800772,0.00948018,0.0076178059,0.00774790456,0.02923852,0.0074014755
"cmelt",0.00758211775,0.03856269,0.0795045421,0.0913767897,0.00755924756,0.0795045421,0.00548028,0.01557025,0.0290330144,0.0324112759,0.00517504,0.0309601884
"Tb",0.00451601246,0.03854759,0.0752999253,0.0816386751,0.00450416992,0.0752999253,0.00065633,0.0160138,0.0232872997,0.0273909337,0.00061979,0.0267987621
"A1",0.557554361,0.50659032,0.57903878,0.581889828,0.557776352,0.57903878,0.06186398,0.06894565,0.0632922514,0.0739786865,0.07211184,0.0715149756
"B1",0.117520551,0.36294523,0.260881417,0.24569033,0.117458391,0.260881417,0.01505392,0.03963659,0.0299488696,0.0286966328,0.01206927,0.0328253064
"me.S1","mae.S1","mse.S1","rmse.S1","pbias.S1","nse.S1","me.S1_conf","mae.S1_conf","mse.S1_conf","rmse.S1_conf","pbias.S1_conf","nse.S1_conf"
"w",0.00390586599,0.00471997,0.00932451,0.00935857,0.00442179603,0.00932451,0.00460212,0.00692209,0.00858869,0.00961338,0.00413715,0.01024303
"n_imperv",0,0.01993305,0,0,0,0,0.00934516,0.01342089,0.01259806,0.01230806,0.01079113,0.01407207
"n_perv",0.000910999478,0,0.00066735,0.00055035,0.000928090936,0.00066735,0.0022846,0.00568696,0.01145736,0.00954469,0.00202408,0.0118365
"s_imperv",0,0.00189467,0.00088842,0.00083659,0,0.00088842,0.00447291,0.00251376,0.00144072,0.00130228,0.00430174,0.00138211
"s_perv",0.000322513596,0.00270128,0.00441332,0.00411751,0.00046620188,0.00441332,0.00089162,0.00357454,0.00319319,0.00329839,0.00119924,0.00388486
"k_sat",0.0755535035,0.05513601,0.05411055,0.05080676,0.0755810901,0.05411055,0.03924754,0.04431662,0.03439051,0.03145321,0.03710593,0.03422148
"per_routed",0.267455976,0.05582629,0.02830262,0.02831118,0.267589436,0.02830262,0.04641017,0.03054734,0.02018885,0.01884973,0.04705304,0.02034452
"cmelt",0.0071081505,0.01072175,0.02640971,0.03066345,0.0076081913,0.02640971,0.00757382,0.02246427,0.03378584,0.04008667,0.00765131,0.03276811
"Tb",0.00494296588,0.01317121,0.02902564,0.02961274,0.0050750286,0.02902564,0.0058247,0.01718452,0.02610908,0.02643203,0.00568546,0.02758362
"A1",0.513812349,0.41768639,0.48937156,0.49543369,0.513726568,0.48937156,0.067384,0.05817514,0.06299687,0.06602146,0.07778085,0.06469653
"B1",0.0939169482,0.31254116,0.2218755,0.21127156,0.0941675119,0.2218755,0.03784737,0.06255142,0.04560258,0.04386549,0.03616474,0.05058228
"me.ST","mae.ST","mse.ST","rmse.ST","pbias.ST","nse.ST","me.ST_conf","mae.ST_conf","mse.ST_conf","rmse.ST_conf","pbias.ST_conf","nse.ST_conf"
"w",0.00258854337,0.00654014,0.0111685755,0.0104730864,0.00260670547,0.0111685755,0.00040808,0.00073128,0.00432957975,0.00312673464,0.00039273,0.00425999449
"n_imperv",0.0129677141,0.02470798,0.0210216262,0.0202673806,0.0129377308,0.0210216261,0.0022441,0.00312006,0.00284647269,0.00300820483,0.00199689,0.00297597155
"n_perv",0.000601280932,0.00277508,0.0263596786,0.0232954784,0.000608487393,0.0263596785,0.00033097,0.00166003,0.0163570385,0.0141482244,0.00035472,0.0154945976
"s_imperv",0.00295290885,0.00068543,0.000197538478,0.000192253365,0.0029717979,0.000197538475,0.00055971,0.00013298,4.26608795e-05,4.4049398e-05,0.00054807,4.53846155e-05
"s_perv",0.000157168886,0.00085705,0.00224330491,0.00204350489,0.000168666261,0.00224330491,0.00011674,0.00066365,0.00139175027,0.00123989082,0.00012565,0.00165578904
"k_sat",0.068162737,0.05969124,0.0804593152,0.072344573,0.0682440299,0.0804593152,0.02699624,0.03446665,0.0431599124,0.037812161,0.02655127,0.0419059614
"per_routed",0.289087008,0.05903431,0.0428342862,0.0430525239,0.289252104,0.0428342862,0.02800772,0.00948018,0.0076178059,0.00774790456,0.02923852,0.0074014755
"cmelt",0.00758211775,0.03856269,0.0795045421,0.0913767897,0.00755924756,0.0795045421,0.00548028,0.01557025,0.0290330144,0.0324112759,0.00517504,0.0309601884
"Tb",0.00451601246,0.03854759,0.0752999253,0.0816386751,0.00450416992,0.0752999253,0.00065633,0.0160138,0.0232872997,0.0273909337,0.00061979,0.0267987621
"A1",0.557554361,0.50659032,0.57903878,0.581889828,0.557776352,0.57903878,0.06186398,0.06894565,0.0632922514,0.0739786865,0.07211184,0.0715149756
"B1",0.117520551,0.36294523,0.260881417,0.24569033,0.117458391,0.260881417,0.01505392,0.03963659,0.0299488696,0.0286966328,0.01206927,0.0328253064
"me.S1","mae.S1","mse.S1","rmse.S1","pbias.S1","nse.S1","me.S1_conf","mae.S1_conf","mse.S1_conf","rmse.S1_conf","pbias.S1_conf","nse.S1_conf"
"w",0.00390586599,0.00471997,0.00932451,0.00935857,0.00442179603,0.00932451,0.00418429,0.00662294,0.00888285,0.01003585,0.00403723,0.00936905
"n_imperv",0,0.01993305,0,0,0,0,0.00892788,0.01426473,0.01390132,0.01382921,0.00975679,0.01137852
"n_perv",0.000910999478,0,0.00066735,0.00055035,0.000928090936,0.00066735,0.00215664,0.00525006,0.01150367,0.01091079,0.00238809,0.01184739
"s_imperv",0,0.00189467,0.00088842,0.00083659,0,0.00088842,0.00473069,0.00227053,0.00127182,0.00127792,0.00364097,0.001489
"s_perv",0.000322513596,0.00270128,0.00441332,0.00411751,0.00046620188,0.00441332,0.00097714,0.00336223,0.00376306,0.00368042,0.00095735,0.00433191
"k_sat",0.0755535035,0.05513601,0.05411055,0.05080676,0.0755810901,0.05411055,0.0373504,0.03524597,0.03726639,0.03499361,0.03664073,0.03489031
"per_routed",0.267455976,0.05582629,0.02830262,0.02831118,0.267589436,0.02830262,0.0492138,0.02685991,0.02040591,0.02116222,0.0473495,0.02236886
"cmelt",0.0071081505,0.01072175,0.02640971,0.03066345,0.0076081913,0.02640971,0.00739421,0.0227119,0.03184168,0.03506786,0.0066276,0.03478292
"Tb",0.00494296588,0.01317121,0.02902564,0.02961274,0.0050750286,0.02902564,0.0054344,0.01529486,0.0261785,0.02439126,0.00530544,0.0246858
"A1",0.513812349,0.41768639,0.48937156,0.49543369,0.513726568,0.48937156,0.07477622,0.061242,0.06802304,0.06593703,0.07508225,0.0676828
"B1",0.0939169482,0.31254116,0.2218755,0.21127156,0.0941675119,0.2218755,0.0315643,0.05573151,0.04295477,0.04151157,0.03680784,0.04855925
"me.ST","mae.ST","mse.ST","rmse.ST","pbias.ST","nse.ST","me.ST_conf","mae.ST_conf","mse.ST_conf","rmse.ST_conf","pbias.ST_conf","nse.ST_conf"
"w",0.00258854337,0.00654014,0.0111685755,0.0104730864,0.00260670547,0.0111685755,0.00040668,0.00088124,0.00378630739,0.00394615059,0.00041936,0.00419204073
"n_imperv",0.0129677141,0.02470798,0.0210216262,0.0202673806,0.0129377308,0.0210216261,0.00198768,0.00368844,0.00256386109,0.00316440829,0.00201909,0.00326026922
"n_perv",0.000601280932,0.00277508,0.0263596786,0.0232954784,0.000608487393,0.0263596785,0.00034957,0.00170323,0.0159429123,0.0151372157,0.00035769,0.0142881111
"s_imperv",0.00295290885,0.00068543,0.000197538478,0.000192253365,0.0029717979,0.000197538475,0.00051471,0.00015407,4.16592106e-05,4.32473205e-05,0.00055805,4.58102843e-05
"s_perv",0.000157168886,0.00085705,0.00224330491,0.00204350489,0.000168666261,0.00224330491,0.00010641,0.00064951,0.00148674709,0.00140984265,0.00012031,0.00166508529
"k_sat",0.068162737,0.05969124,0.0804593152,0.072344573,0.0682440299,0.0804593152,0.02598582,0.02960336,0.049305289,0.0443928134,0.02374291,0.0466543684
"per_routed",0.289087008,0.05903431,0.0428342862,0.0430525239,0.289252104,0.0428342862,0.03029893,0.01100795,0.00724973097,0.00866025481,0.03134802,0.00716858279
"cmelt",0.00758211775,0.03856269,0.0795045421,0.0913767897,0.00755924756,0.0795045421,0.00569761,0.01464359,0.0300294328,0.0331377743,0.00491304,0.0296789112
"Tb",0.00451601246,0.03854759,0.0752999253,0.0816386751,0.00450416992,0.0752999253,0.00059445,0.01308425,0.0238255331,0.027972713,0.00057696,0.0241025869
"A1",0.557554361,0.50659032,0.57903878,0.581889828,0.557776352,0.57903878,0.06900223,0.07088073,0.0701855904,0.0687266719,0.06505764,0.0667151489
"B1",0.117520551,0.36294523,0.260881417,0.24569033,0.117458391,0.260881417,0.01353018,0.03996228,0.0285648482,0.0306425114,0.01332379,0.028292333
"me.S1","mae.S1","mse.S1","rmse.S1","pbias.S1","nse.S1","me.S1_conf","mae.S1_conf","mse.S1_conf","rmse.S1_conf","pbias.S1_conf","nse.S1_conf"
"w",0.00390586599,0.00471997,0.00932451,0.00935857,0.00442179603,0.00932451,0.00418429,0.00662294,0.00888285,0.01003585,0.00403723,0.00936905
"n_imperv",0,0.01993305,0,0,0,0,0.00892788,0.01426473,0.01390132,0.01382921,0.00975679,0.01137852
"n_perv",0.000910999478,0,0.00066735,0.00055035,0.000928090936,0.00066735,0.00215664,0.00525006,0.01150367,0.01091079,0.00238809,0.01184739
"s_imperv",0,0.00189467,0.00088842,0.00083659,0,0.00088842,0.00473069,0.00227053,0.00127182,0.00127792,0.00364097,0.001489
"s_perv",0.000322513596,0.00270128,0.00441332,0.00411751,0.00046620188,0.00441332,0.00097714,0.00336223,0.00376306,0.00368042,0.00095735,0.00433191
"k_sat",0.0755535035,0.05513601,0.05411055,0.05080676,0.0755810901,0.05411055,0.0373504,0.03524597,0.03726639,0.03499361,0.03664073,0.03489031
"per_routed",0.267455976,0.05582629,0.02830262,0.02831118,0.267589436,0.02830262,0.0492138,0.02685991,0.02040591,0.02116222,0.0473495,0.02236886
"cmelt",0.0071081505,0.01072175,0.02640971,0.03066345,0.0076081913,0.02640971,0.00739421,0.0227119,0.03184168,0.03506786,0.0066276,0.03478292
"Tb",0.00494296588,0.01317121,0.02902564,0.02961274,0.0050750286,0.02902564,0.0054344,0.01529486,0.0261785,0.02439126,0.00530544,0.0246858
"A1",0.513812349,0.41768639,0.48937156,0.49543369,0.513726568,0.48937156,0.07477622,0.061242,0.06802304,0.06593703,0.07508225,0.0676828
"B1",0.0939169482,0.31254116,0.2218755,0.21127156,0.0941675119,0.2218755,0.0315643,0.05573151,0.04295477,0.04151157,0.03680784,0.04855925
"me.ST","mae.ST","mse.ST","rmse.ST","pbias.ST","nse.ST","me.ST_conf","mae.ST_conf","mse.ST_conf","rmse.ST_conf","pbias.ST_conf","nse.ST_conf"
"w",0.00258854337,0.00654014,0.0111685755,0.0104730864,0.00260670547,0.0111685755,0.00040668,0.00088124,0.00378630739,0.00394615059,0.00041936,0.00419204073
"n_imperv",0.0129677141,0.02470798,0.0210216262,0.0202673806,0.0129377308,0.0210216261,0.00198768,0.00368844,0.00256386109,0.00316440829,0.00201909,0.00326026922
"n_perv",0.000601280932,0.00277508,0.0263596786,0.0232954784,0.000608487393,0.0263596785,0.00034957,0.00170323,0.0159429123,0.0151372157,0.00035769,0.0142881111
"s_imperv",0.00295290885,0.00068543,0.000197538478,0.000192253365,0.0029717979,0.000197538475,0.00051471,0.00015407,4.16592106e-05,4.32473205e-05,0.00055805,4.58102843e-05
"s_perv",0.000157168886,0.00085705,0.00224330491,0.00204350489,0.000168666261,0.00224330491,0.00010641,0.00064951,0.00148674709,0.00140984265,0.00012031,0.00166508529
"k_sat",0.068162737,0.05969124,0.0804593152,0.072344573,0.0682440299,0.0804593152,0.02598582,0.02960336,0.049305289,0.0443928134,0.02374291,0.0466543684
"per_routed",0.289087008,0.05903431,0.0428342862,0.0430525239,0.289252104,0.0428342862,0.03029893,0.01100795,0.00724973097,0.00866025481,0.03134802,0.00716858279
"cmelt",0.00758211775,0.03856269,0.0795045421,0.0913767897,0.00755924756,0.0795045421,0.00569761,0.01464359,0.0300294328,0.0331377743,0.00491304,0.0296789112
"Tb",0.00451601246,0.03854759,0.0752999253,0.0816386751,0.00450416992,0.0752999253,0.00059445,0.01308425,0.0238255331,0.027972713,0.00057696,0.0241025869
"A1",0.557554361,0.50659032,0.57903878,0.581889828,0.557776352,0.57903878,0.06900223,0.07088073,0.0701855904,0.0687266719,0.06505764,0.0667151489
"B1",0.117520551,0.36294523,0.260881417,0.24569033,0.117458391,0.260881417,0.01353018,0.03996228,0.0285648482,0.0306425114,0.01332379,0.028292333
"me.S1","mae.S1","mse.S1","rmse.S1","pbias.S1","nse.S1","me.S1_conf","mae.S1_conf","mse.S1_conf","rmse.S1_conf","pbias.S1_conf","nse.S1_conf"
"w",0.00390586599,0.00471997,0.00932451,0.00935857,0.00442179603,0.00932451,0.00418429,0.00662294,0.00888285,0.01003585,0.00403723,0.00936905
"n_imperv",0,0.01993305,0,0,0,0,0.00892788,0.01426473,0.01390132,0.01382921,0.00975679,0.01137852
"n_perv",0.000910999478,0,0.00066735,0.00055035,0.000928090936,0.00066735,0.00215664,0.00525006,0.01150367,0.01091079,0.00238809,0.01184739
"s_imperv",0,0.00189467,0.00088842,0.00083659,0,0.00088842,0.00473069,0.00227053,0.00127182,0.00127792,0.00364097,0.001489
"s_perv",0.000322513596,0.00270128,0.00441332,0.00411751,0.00046620188,0.00441332,0.00097714,0.00336223,0.00376306,0.00368042,0.00095735,0.00433191
"k_sat",0.0755535035,0.05513601,0.05411055,0.05080676,0.0755810901,0.05411055,0.0373504,0.03524597,0.03726639,0.03499361,0.03664073,0.03489031
"per_routed",0.267455976,0.05582629,0.02830262,0.02831118,0.267589436,0.02830262,0.0492138,0.02685991,0.02040591,0.02116222,0.0473495,0.02236886
"cmelt",0.0071081505,0.01072175,0.02640971,0.03066345,0.0076081913,0.02640971,0.00739421,0.0227119,0.03184168,0.03506786,0.0066276,0.03478292
"Tb",0.00494296588,0.01317121,0.02902564,0.02961274,0.0050750286,0.02902564,0.0054344,0.01529486,0.0261785,0.02439126,0.00530544,0.0246858
"A1",0.513812349,0.41768639,0.48937156,0.49543369,0.513726568,0.48937156,0.07477622,0.061242,0.06802304,0.06593703,0.07508225,0.0676828
"B1",0.0939169482,0.31254116,0.2218755,0.21127156,0.0941675119,0.2218755,0.0315643,0.05573151,0.04295477,0.04151157,0.03680784,0.04855925
"me.ST","mae.ST","mse.ST","rmse.ST","pbias.ST","nse.ST","me.ST_conf","mae.ST_conf","mse.ST_conf","rmse.ST_conf","pbias.ST_conf","nse.ST_conf"
"w",0.00258854337,0.00654014,0.0111685755,0.0104730864,0.00260670547,0.0111685755,0.00040668,0.00088124,0.00378630739,0.00394615059,0.00041936,0.00419204073
"n_imperv",0.0129677141,0.02470798,0.0210216262,0.0202673806,0.0129377308,0.0210216261,0.00198768,0.00368844,0.00256386109,0.00316440829,0.00201909,0.00326026922
"n_perv",0.000601280932,0.00277508,0.0263596786,0.0232954784,0.000608487393,0.0263596785,0.00034957,0.00170323,0.0159429123,0.0151372157,0.00035769,0.0142881111
"s_imperv",0.00295290885,0.00068543,0.000197538478,0.000192253365,0.0029717979,0.000197538475,0.00051471,0.00015407,4.16592106e-05,4.32473205e-05,0.00055805,4.58102843e-05
"s_perv",0.000157168886,0.00085705,0.00224330491,0.00204350489,0.000168666261,0.00224330491,0.00010641,0.00064951,0.00148674709,0.00140984265,0.00012031,0.00166508529
"k_sat",0.068162737,0.05969124,0.0804593152,0.072344573,0.0682440299,0.0804593152,0.02598582,0.02960336,0.049305289,0.0443928134,0.02374291,0.0466543684
"per_routed",0.289087008,0.05903431,0.0428342862,0.0430525239,0.289252104,0.0428342862,0.03029893,0.01100795,0.00724973097,0.00866025481,0.03134802,0.00716858279
"cmelt",0.00758211775,0.03856269,0.0795045421,0.0913767897,0.00755924756,0.0795045421,0.00569761,0.01464359,0.0300294328,0.0331377743,0.00491304,0.0296789112
"Tb",0.00451601246,0.03854759,0.0752999253,0.0816386751,0.00450416992,0.0752999253,0.00059445,0.01308425,0.0238255331,0.027972713,0.00057696,0.0241025869
"A1",0.557554361,0.50659032,0.57903878,0.581889828,0.557776352,0.57903878,0.06900223,0.07088073,0.0701855904,0.0687266719,0.06505764,0.0667151489
"B1",0.117520551,0.36294523,0.260881417,0.24569033,0.117458391,0.260881417,0.01353018,0.03996228,0.0285648482,0.0306425114,0.01332379,0.028292333
"me.S1","mae.S1","mse.S1","rmse.S1","pbias.S1","nse.S1","me.S1_conf","mae.S1_conf","mse.S1_conf","rmse.S1_conf","pbias.S1_conf","nse.S1_conf"
"w",0.00390586599,0.00471997,0.00932451,0.00935857,0.00442179603,0.00932451,0.00418429,0.00662294,0.00888285,0.01003585,0.00403723,0.00936905
"n_imperv",0,0.01993305,0,0,0,0,0.00892788,0.01426473,0.01390132,0.01382921,0.00975679,0.01137852
"n_perv",0.000910999478,0,0.00066735,0.00055035,0.000928090936,0.00066735,0.00215664,0.00525006,0.01150367,0.01091079,0.00238809,0.01184739
"s_imperv",0,0.00189467,0.00088842,0.00083659,0,0.00088842,0.00473069,0.00227053,0.00127182,0.00127792,0.00364097,0.001489
"s_perv",0.000322513596,0.00270128,0.00441332,0.00411751,0.00046620188,0.00441332,0.00097714,0.00336223,0.00376306,0.00368042,0.00095735,0.00433191
"k_sat",0.0755535035,0.05513601,0.05411055,0.05080676,0.0755810901,0.05411055,0.0373504,0.03524597,0.03726639,0.03499361,0.03664073,0.03489031
"per_routed",0.267455976,0.05582629,0.02830262,0.02831118,0.267589436,0.02830262,0.0492138,0.02685991,0.02040591,0.02116222,0.0473495,0.02236886
"cmelt",0.0071081505,0.01072175,0.02640971,0.03066345,0.0076081913,0.02640971,0.00739421,0.0227119,0.03184168,0.03506786,0.0066276,0.03478292
"Tb",0.00494296588,0.01317121,0.02902564,0.02961274,0.0050750286,0.02902564,0.0054344,0.01529486,0.0261785,0.02439126,0.00530544,0.0246858
"A1",0.513812349,0.41768639,0.48937156,0.49543369,0.513726568,0.48937156,0.07477622,0.061242,0.06802304,0.06593703,0.07508225,0.0676828
"B1",0.0939169482,0.31254116,0.2218755,0.21127156,0.0941675119,0.2218755,0.0315643,0.05573151,0.04295477,0.04151157,0.03680784,0.04855925
"me.ST","mae.ST","mse.ST","rmse.ST","pbias.ST","nse.ST","me.ST_conf","mae.ST_conf","mse.ST_conf","rmse.ST_conf","pbias.ST_conf","nse.ST_conf"
"w",0.00258854337,0.00654014,0.0111685755,0.0104730864,0.00260670547,0.0111685755,0.00040668,0.00088124,0.00378630739,0.00394615059,0.00041936,0.00419204073
"n_imperv",0.0129677141,0.02470798,0.0210216262,0.0202673806,0.0129377308,0.0210216261,0.00198768,0.00368844,0.00256386109,0.00316440829,0.00201909,0.00326026922
"n_perv",0.000601280932,0.00277508,0.0263596786,0.0232954784,0.000608487393,0.0263596785,0.00034957,0.00170323,0.0159429123,0.0151372157,0.00035769,0.0142881111
"s_imperv",0.00295290885,0.00068543,0.000197538478,0.000192253365,0.0029717979,0.000197538475,0.00051471,0.00015407,4.16592106e-05,4.32473205e-05,0.00055805,4.58102843e-05
"s_perv",0.000157168886,0.00085705,0.00224330491,0.00204350489,0.000168666261,0.00224330491,0.00010641,0.00064951,0.00148674709,0.00140984265,0.00012031,0.00166508529
"k_sat",0.068162737,0.05969124,0.0804593152,0.072344573,0.0682440299,0.0804593152,0.02598582,0.02960336,0.049305289,0.0443928134,0.02374291,0.0466543684
"per_routed",0.289087008,0.05903431,0.0428342862,0.0430525239,0.289252104,0.0428342862,0.03029893,0.01100795,0.00724973097,0.00866025481,0.03134802,0.00716858279
"cmelt",0.00758211775,0.03856269,0.0795045421,0.0913767897,0.00755924756,0.0795045421,0.00569761,0.01464359,0.0300294328,0.0331377743,0.00491304,0.0296789112
"Tb",0.00451601246,0.03854759,0.0752999253,0.0816386751,0.00450416992,0.0752999253,0.00059445,0.01308425,0.0238255331,0.027972713,0.00057696,0.0241025869
"A1",0.557554361,0.50659032,0.57903878,0.581889828,0.557776352,0.57903878,0.06900223,0.07088073,0.0701855904,0.0687266719,0.06505764,0.0667151489
"B1",0.117520551,0.36294523,0.260881417,0.24569033,0.117458391,0.260881417,0.01353018,0.03996228,0.0285648482,0.0306425114,0.01332379,0.028292333
"me.S1","mae.S1","mse.S1","rmse.S1","pbias.S1","nse.S1","me.S1_conf","mae.S1_conf","mse.S1_conf","rmse.S1_conf","pbias.S1_conf","nse.S1_conf"
"w",0.00390586599,0.00471997,0.00932451,0.00935857,0.00442179603,0.00932451,0.00418429,0.00662294,0.00888285,0.01003585,0.00403723,0.00936905
"n_imperv",0,0.01993305,0,0,0,0,0.00892788,0.01426473,0.01390132,0.01382921,0.00975679,0.01137852
"n_perv",0.000910999478,0,0.00066735,0.00055035,0.000928090936,0.00066735,0.00215664,0.00525006,0.01150367,0.01091079,0.00238809,0.01184739
"s_imperv",0,0.00189467,0.00088842,0.00083659,0,0.00088842,0.00473069,0.00227053,0.00127182,0.00127792,0.00364097,0.001489
"s_perv",0.000322513596,0.00270128,0.00441332,0.00411751,0.00046620188,0.00441332,0.00097714,0.00336223,0.00376306,0.00368042,0.00095735,0.00433191
"k_sat",0.0755535035,0.05513601,0.05411055,0.05080676,0.0755810901,0.05411055,0.0373504,0.03524597,0.03726639,0.03499361,0.03664073,0.03489031
"per_routed",0.267455976,0.05582629,0.02830262,0.02831118,0.267589436,0.02830262,0.0492138,0.02685991,0.02040591,0.02116222,0.0473495,0.02236886
"cmelt",0.0071081505,0.01072175,0.02640971,0.03066345,0.0076081913,0.02640971,0.00739421,0.0227119,0.03184168,0.03506786,0.0066276,0.03478292
"Tb",0.00494296588,0.01317121,0.02902564,0.02961274,0.0050750286,0.02902564,0.0054344,0.01529486,0.0261785,0.02439126,0.00530544,0.0246858
"A1",0.513812349,0.41768639,0.48937156,0.49543369,0.513726568,0.48937156,0.07477622,0.061242,0.06802304,0.06593703,0.07508225,0.0676828
"B1",0.0939169482,0.31254116,0.2218755,0.21127156,0.0941675119,0.2218755,0.0315643,0.05573151,0.04295477,0.04151157,0.03680784,0.04855925
"me.ST","mae.ST","mse.ST","rmse.ST","pbias.ST","nse.ST","me.ST_conf","mae.ST_conf","mse.ST_conf","rmse.ST_conf","pbias.ST_conf","nse.ST_conf"
"w",0.00258854337,0.00654014,0.0111685755,0.0104730864,0.00260670547,0.0111685755,0.00040668,0.00088124,0.00378630739,0.00394615059,0.00041936,0.00419204073
"n_imperv",0.0129677141,0.02470798,0.0210216262,0.0202673806,0.0129377308,0.0210216261,0.00198768,0.00368844,0.00256386109,0.00316440829,0.00201909,0.00326026922
"n_perv",0.000601280932,0.00277508,0.0263596786,0.0232954784,0.000608487393,0.0263596785,0.00034957,0.00170323,0.0159429123,0.0151372157,0.00035769,0.0142881111
"s_imperv",0.00295290885,0.00068543,0.000197538478,0.000192253365,0.0029717979,0.000197538475,0.00051471,0.00015407,4.16592106e-05,4.32473205e-05,0.00055805,4.58102843e-05
"s_perv",0.000157168886,0.00085705,0.00224330491,0.00204350489,0.000168666261,0.00224330491,0.00010641,0.00064951,0.00148674709,0.00140984265,0.00012031,0.00166508529
"k_sat",0.068162737,0.05969124,0.0804593152,0.072344573,0.0682440299,0.0804593152,0.02598582,0.02960336,0.049305289,0.0443928134,0.02374291,0.0466543684
"per_routed",0.289087008,0.05903431,0.0428342862,0.0430525239,0.289252104,0.0428342862,0.03029893,0.01100795,0.00724973097,0.00866025481,0.03134802,0.00716858279
"cmelt",0.00758211775,0.03856269,0.0795045421,0.0913767897,0.00755924756,0.0795045421,0.00569761,0.01464359,0.0300294328,0.0331377743,0.00491304,0.0296789112
"Tb",0.00451601246,0.03854759,0.0752999253,0.0816386751,0.00450416992,0.0752999253,0.00059445,0.01308425,0.0238255331,0.027972713,0.00057696,0.0241025869
"A1",0.557554361,0.50659032,0.57903878,0.581889828,0.557776352,0.57903878,0.06900223,0.07088073,0.0701855904,0.0687266719,0.06505764,0.0667151489
"B1",0.117520551,0.36294523,0.260881417,0.24569033,0.117458391,0.260881417,0.01353018,0.03996228,0.0285648482,0.0306425114,0.01332379,0.028292333
"me.S1","mae.S1","mse.S1","rmse.S1","pbias.S1","nse.S1","me.S1_conf","mae.S1_conf","mse.S1_conf","rmse.S1_conf","pbias.S1_conf","nse.S1_conf"
"w",0.00390586599,0.00471997,0.00932451,0.00935857,0.00442179603,0.00932451,0.00418429,0.00662294,0.00888285,0.01003585,0.00403723,0.00936905
"n_imperv",0,0.01993305,0,0,0,0,0.00892788,0.01426473,0.01390132,0.01382921,0.00975679,0.01137852
"n_perv",0.000910999478,0,0.00066735,0.00055035,0.000928090936,0.00066735,0.00215664,0.00525006,0.01150367,0.01091079,0.00238809,0.01184739
"s_imperv",0,0.00189467,0.00088842,0.00083659,0,0.00088842,0.00473069,0.00227053,0.00127182,0.00127792,0.00364097,0.001489
"s_perv",0.000322513596,0.00270128,0.00441332,0.00411751,0.00046620188,0.00441332,0.00097714,0.00336223,0.00376306,0.00368042,0.00095735,0.00433191
"k_sat",0.0755535035,0.05513601,0.05411055,0.05080676,0.0755810901,0.05411055,0.0373504,0.03524597,0.03726639,0.03499361,0.03664073,0.03489031
"per_routed",0.267455976,0.05582629,0.02830262,0.02831118,0.267589436,0.02830262,0.0492138,0.02685991,0.02040591,0.02116222,0.0473495,0.02236886
"cmelt",0.0071081505,0.01072175,0.02640971,0.03066345,0.0076081913,0.02640971,0.00739421,0.0227119,0.03184168,0.03506786,0.0066276,0.03478292
"Tb",0.00494296588,0.01317121,0.02902564,0.02961274,0.0050750286,0.02902564,0.0054344,0.01529486,0.0261785,0.02439126,0.00530544,0.0246858
"A1",0.513812349,0.41768639,0.48937156,0.49543369,0.513726568,0.48937156,0.07477622,0.061242,0.06802304,0.06593703,0.07508225,0.0676828
"B1",0.0939169482,0.31254116,0.2218755,0.21127156,0.0941675119,0.2218755,0.0315643,0.05573151,0.04295477,0.04151157,0.03680784,0.04855925
"me.ST","mae.ST","mse.ST","rmse.ST","pbias.ST","nse.ST","me.ST_conf","mae.ST_conf","mse.ST_conf","rmse.ST_conf","pbias.ST_conf","nse.ST_conf"
"w",0.00258854337,0.00654014,0.0111685755,0.0104730864,0.00260670547,0.0111685755,0.00040668,0.00088124,0.00378630739,0.00394615059,0.00041936,0.00419204073
"n_imperv",0.0129677141,0.02470798,0.0210216262,0.0202673806,0.0129377308,0.0210216261,0.00198768,0.00368844,0.00256386109,0.00316440829,0.00201909,0.00326026922
"n_perv",0.000601280932,0.00277508,0.0263596786,0.0232954784,0.000608487393,0.0263596785,0.00034957,0.00170323,0.0159429123,0.0151372157,0.00035769,0.0142881111
"s_imperv",0.00295290885,0.00068543,0.000197538478,0.000192253365,0.0029717979,0.000197538475,0.00051471,0.00015407,4.16592106e-05,4.32473205e-05,0.00055805,4.58102843e-05
"s_perv",0.000157168886,0.00085705,0.00224330491,0.00204350489,0.000168666261,0.00224330491,0.00010641,0.00064951,0.00148674709,0.00140984265,0.00012031,0.00166508529
"k_sat",0.068162737,0.05969124,0.0804593152,0.072344573,0.0682440299,0.0804593152,0.02598582,0.02960336,0.049305289,0.0443928134,0.02374291,0.0466543684
"per_routed",0.289087008,0.05903431,0.0428342862,0.0430525239,0.289252104,0.0428342862,0.03029893,0.01100795,0.00724973097,0.00866025481,0.03134802,0.00716858279
"cmelt",0.00758211775,0.03856269,0.0795045421,0.0913767897,0.00755924756,0.0795045421,0.00569761,0.01464359,0.0300294328,0.0331377743,0.00491304,0.0296789112
"Tb",0.00451601246,0.03854759,0.0752999253,0.0816386751,0.00450416992,0.0752999253,0.00059445,0.01308425,0.0238255331,0.027972713,0.00057696,0.0241025869
"A1",0.557554361,0.50659032,0.57903878,0.581889828,0.557776352,0.57903878,0.06900223,0.07088073,0.0701855904,0.0687266719,0.06505764,0.0667151489
"B1",0.117520551,0.36294523,0.260881417,0.24569033,0.117458391,0.260881417,0.01353018,0.03996228,0.0285648482,0.0306425114,0.01332379,0.028292333
"me.S1","mae.S1","mse.S1","rmse.S1","pbias.S1","nse.S1","me.S1_conf","mae.S1_conf","mse.S1_conf","rmse.S1_conf","pbias.S1_conf","nse.S1_conf"
"w",0.00390586599,0.00471997,0.00932451,0.00935857,0.00442179603,0.00932451,0.00418429,0.00662294,0.00888285,0.01003585,0.00403723,0.00936905
"n_imperv",0,0.01993305,0,0,0,0,0.00892788,0.01426473,0.01390132,0.01382921,0.00975679,0.01137852
"n_perv",0.000910999478,0,0.00066735,0.00055035,0.000928090936,0.00066735,0.00215664,0.00525006,0.01150367,0.01091079,0.00238809,0.01184739
"s_imperv",0,0.00189467,0.00088842,0.00083659,0,0.00088842,0.00473069,0.00227053,0.00127182,0.00127792,0.00364097,0.001489
"s_perv",0.000322513596,0.00270128,0.00441332,0.00411751,0.00046620188,0.00441332,0.00097714,0.00336223,0.00376306,0.00368042,0.00095735,0.00433191
"k_sat",0.0755535035,0.05513601,0.05411055,0.05080676,0.0755810901,0.05411055,0.0373504,0.03524597,0.03726639,0.03499361,0.03664073,0.03489031
"per_routed",0.267455976,0.05582629,0.02830262,0.02831118,0.267589436,0.02830262,0.0492138,0.02685991,0.02040591,0.02116222,0.0473495,0.02236886
"cmelt",0.0071081505,0.01072175,0.02640971,0.03066345,0.0076081913,0.02640971,0.00739421,0.0227119,0.03184168,0.03506786,0.0066276,0.03478292
"Tb",0.00494296588,0.01317121,0.02902564,0.02961274,0.0050750286,0.02902564,0.0054344,0.01529486,0.0261785,0.02439126,0.00530544,0.0246858
"A1",0.513812349,0.41768639,0.48937156,0.49543369,0.513726568,0.48937156,0.07477622,0.061242,0.06802304,0.06593703,0.07508225,0.0676828
"B1",0.0939169482,0.31254116,0.2218755,0.21127156,0.0941675119,0.2218755,0.0315643,0.05573151,0.04295477,0.04151157,0.03680784,0.04855925
"me.ST","mae.ST","mse.ST","rmse.ST","pbias.ST","nse.ST","me.ST_conf","mae.ST_conf","mse.ST_conf","rmse.ST_conf","pbias.ST_conf","nse.ST_conf"
"w",0.00258854337,0.00654014,0.0111685755,0.0104730864,0.00260670547,0.0111685755,0.00040668,0.00088124,0.00378630739,0.00394615059,0.00041936,0.00419204073
"n_imperv",0.0129677141,0.02470798,0.0210216262,0.0202673806,0.0129377308,0.0210216261,0.00198768,0.00368844,0.00256386109,0.00316440829,0.00201909,0.00326026922
"n_perv",0.000601280932,0.00277508,0.0263596786,0.0232954784,0.000608487393,0.0263596785,0.00034957,0.00170323,0.0159429123,0.0151372157,0.00035769,0.0142881111
"s_imperv",0.00295290885,0.00068543,0.000197538478,0.000192253365,0.0029717979,0.000197538475,0.00051471,0.00015407,4.16592106e-05,4.32473205e-05,0.00055805,4.58102843e-05
"s_perv",0.000157168886,0.00085705,0.00224330491,0.00204350489,0.000168666261,0.00224330491,0.00010641,0.00064951,0.00148674709,0.00140984265,0.00012031,0.00166508529
"k_sat",0.068162737,0.05969124,0.0804593152,0.072344573,0.0682440299,0.0804593152,0.02598582,0.02960336,0.049305289,0.0443928134,0.02374291,0.0466543684
"per_routed",0.289087008,0.05903431,0.0428342862,0.0430525239,0.289252104,0.0428342862,0.03029893,0.01100795,0.00724973097,0.00866025481,0.03134802,0.00716858279
"cmelt",0.00758211775,0.03856269,0.0795045421,0.0913767897,0.00755924756,0.0795045421,0.00569761,0.01464359,0.0300294328,0.0331377743,0.00491304,0.0296789112
"Tb",0.00451601246,0.03854759,0.0752999253,0.0816386751,0.00450416992,0.0752999253,0.00059445,0.01308425,0.0238255331,0.027972713,0.00057696,0.0241025869
"A1",0.557554361,0.50659032,0.57903878,0.581889828,0.557776352,0.57903878,0.06900223,0.07088073,0.0701855904,0.0687266719,0.06505764,0.0667151489
"B1",0.117520551,0.36294523,0.260881417,0.24569033,0.117458391,0.260881417,0.01353018,0.03996228,0.0285648482,0.0306425114,0.01332379,0.028292333
"me.S1","mae.S1","mse.S1","rmse.S1","pbias.S1","nse.S1","me.S1_conf","mae.S1_conf","mse.S1_conf","rmse.S1_conf","pbias.S1_conf","nse.S1_conf"
"w",0.00390586599,0.00471997,0.00932451,0.00935857,0.00442179603,0.00932451,0.00418429,0.00662294,0.00888285,0.01003585,0.00403723,0.00936905
"n_imperv",0,0.01993305,0,0,0,0,0.00892788,0.01426473,0.01390132,0.01382921,0.00975679,0.01137852
"n_perv",0.000910999478,0,0.00066735,0.00055035,0.000928090936,0.00066735,0.00215664,0.00525006,0.01150367,0.01091079,0.00238809,0.01184739
"s_imperv",0,0.00189467,0.00088842,0.00083659,0,0.00088842,0.00473069,0.00227053,0.00127182,0.00127792,0.00364097,0.001489
"s_perv",0.000322513596,0.00270128,0.00441332,0.00411751,0.00046620188,0.00441332,0.00097714,0.00336223,0.00376306,0.00368042,0.00095735,0.00433191
"k_sat",0.0755535035,0.05513601,0.05411055,0.05080676,0.0755810901,0.05411055,0.0373504,0.03524597,0.03726639,0.03499361,0.03664073,0.03489031
"per_routed",0.267455976,0.05582629,0.02830262,0.02831118,0.267589436,0.02830262,0.0492138,0.02685991,0.02040591,0.02116222,0.0473495,0.02236886
"cmelt",0.0071081505,0.01072175,0.02640971,0.03066345,0.0076081913,0.02640971,0.00739421,0.0227119,0.03184168,0.03506786,0.0066276,0.03478292
"Tb",0.00494296588,0.01317121,0.02902564,0.02961274,0.0050750286,0.02902564,0.0054344,0.01529486,0.0261785,0.02439126,0.00530544,0.0246858
"A1",0.513812349,0.41768639,0.48937156,0.49543369,0.513726568,0.48937156,0.07477622,0.061242,0.06802304,0.06593703,0.07508225,0.0676828
"B1",0.0939169482,0.31254116,0.2218755,0.21127156,0.0941675119,0.2218755,0.0315643,0.05573151,0.04295477,0.04151157,0.03680784,0.04855925
"me.ST","mae.ST","mse.ST","rmse.ST","pbias.ST","nse.ST","me.ST_conf","mae.ST_conf","mse.ST_conf","rmse.ST_conf","pbias.ST_conf","nse.ST_conf"
"w",0.00258854337,0.00654014,0.0111685755,0.0104730864,0.00260670547,0.0111685755,0.00040668,0.00088124,0.00378630739,0.00394615059,0.00041936,0.00419204073
"n_imperv",0.0129677141,0.02470798,0.0210216262,0.0202673806,0.0129377308,0.0210216261,0.00198768,0.00368844,0.00256386109,0.00316440829,0.00201909,0.00326026922
"n_perv",0.000601280932,0.00277508,0.0263596786,0.0232954784,0.000608487393,0.0263596785,0.00034957,0.00170323,0.0159429123,0.0151372157,0.00035769,0.0142881111
"s_imperv",0.00295290885,0.00068543,0.000197538478,0.000192253365,0.0029717979,0.000197538475,0.00051471,0.00015407,4.16592106e-05,4.32473205e-05,0.00055805,4.58102843e-05
"s_perv",0.000157168886,0.00085705,0.00224330491,0.00204350489,0.000168666261,0.00224330491,0.00010641,0.00064951,0.00148674709,0.00140984265,0.00012031,0.00166508529
"k_sat",0.068162737,0.05969124,0.0804593152,0.072344573,0.0682440299,0.0804593152,0.02598582,0.02960336,0.049305289,0.0443928134,0.02374291,0.0466543684
"per_routed",0.289087008,0.05903431,0.0428342862,0.0430525239,0.289252104,0.0428342862,0.03029893,0.01100795,0.00724973097,0.00866025481,0.03134802,0.00716858279
"cmelt",0.00758211775,0.03856269,0.0795045421,0.0913767897,0.00755924756,0.0795045421,0.00569761,0.01464359,0.0300294328,0.0331377743,0.00491304,0.0296789112
"Tb",0.00451601246,0.03854759,0.0752999253,0.0816386751,0.00450416992,0.0752999253,0.00059445,0.01308425,0.0238255331,0.027972713,0.00057696,0.0241025869
"A1",0.557554361,0.50659032,0.57903878,0.581889828,0.557776352,0.57903878,0.06900223,0.07088073,0.0701855904,0.0687266719,0.06505764,0.0667151489
"B1",0.117520551,0.36294523,0.260881417,0.24569033,0.117458391,0.260881417,0.01353018,0.03996228,0.0285648482,0.0306425114,0.01332379,0.028292333
"me.S1","mae.S1","mse.S1","rmse.S1","pbias.S1","nse.S1","me.S1_conf","mae.S1_conf","mse.S1_conf","rmse.S1_conf","pbias.S1_conf","nse.S1_conf"
"w",0.00390586599,0.00471997,0.00932451,0.00935857,0.00442179603,0.00932451,0.00418429,0.00662294,0.00888285,0.01003585,0.00403723,0.00936905
"n_imperv",0,0.01993305,0,0,0,0,0.00892788,0.01426473,0.01390132,0.01382921,0.00975679,0.01137852
"n_perv",0.000910999478,0,0.00066735,0.00055035,0.000928090936,0.00066735,0.00215664,0.00525006,0.01150367,0.01091079,0.00238809,0.01184739
"s_imperv",0,0.00189467,0.00088842,0.00083659,0,0.00088842,0.00473069,0.00227053,0.00127182,0.00127792,0.00364097,0.001489
"s_perv",0.000322513596,0.00270128,0.00441332,0.00411751,0.00046620188,0.00441332,0.00097714,0.00336223,0.00376306,0.00368042,0.00095735,0.00433191
"k_sat",0.0755535035,0.05513601,0.05411055,0.05080676,0.0755810901,0.05411055,0.0373504,0.03524597,0.03726639,0.03499361,0.03664073,0.03489031
"per_routed",0.267455976,0.05582629,0.02830262,0.02831118,0.267589436,0.02830262,0.0492138,0.02685991,0.02040591,0.02116222,0.0473495,0.02236886
"cmelt",0.0071081505,0.01072175,0.02640971,0.03066345,0.0076081913,0.02640971,0.00739421,0.0227119,0.03184168,0.03506786,0.0066276,0.03478292
"Tb",0.00494296588,0.01317121,0.02902564,0.02961274,0.0050750286,0.02902564,0.0054344,0.01529486,0.0261785,0.02439126,0.00530544,0.0246858
"A1",0.513812349,0.41768639,0.48937156,0.49543369,0.513726568,0.48937156,0.07477622,0.061242,0.06802304,0.06593703,0.07508225,0.0676828
"B1",0.0939169482,0.31254116,0.2218755,0.21127156,0.0941675119,0.2218755,0.0315643,0.05573151,0.04295477,0.04151157,0.03680784,0.04855925
"me.ST","mae.ST","mse.ST","rmse.ST","pbias.ST","nse.ST","me.ST_conf","mae.ST_conf","mse.ST_conf","rmse.ST_conf","pbias.ST_conf","nse.ST_conf"
"w",0.00258854337,0.00654014,0.0111685755,0.0104730864,0.00260670547,0.0111685755,0.00040668,0.00088124,0.00378630739,0.00394615059,0.00041936,0.00419204073
"n_imperv",0.0129677141,0.02470798,0.0210216262,0.0202673806,0.0129377308,0.0210216261,0.00198768,0.00368844,0.00256386109,0.00316440829,0.00201909,0.00326026922
"n_perv",0.000601280932,0.00277508,0.0263596786,0.0232954784,0.000608487393,0.0263596785,0.00034957,0.00170323,0.0159429123,0.0151372157,0.00035769,0.0142881111
"s_imperv",0.00295290885,0.00068543,0.000197538478,0.000192253365,0.0029717979,0.000197538475,0.00051471,0.00015407,4.16592106e-05,4.32473205e-05,0.00055805,4.58102843e-05
"s_perv",0.000157168886,0.00085705,0.00224330491,0.00204350489,0.000168666261,0.00224330491,0.00010641,0.00064951,0.00148674709,0.00140984265,0.00012031,0.00166508529
"k_sat",0.068162737,0.05969124,0.0804593152,0.072344573,0.0682440299,0.0804593152,0.02598582,0.02960336,0.049305289,0.0443928134,0.02374291,0.0466543684
"per_routed",0.289087008,0.05903431,0.0428342862,0.0430525239,0.289252104,0.0428342862,0.03029893,0.01100795,0.00724973097,0.00866025481,0.03134802,0.00716858279
"cmelt",0.00758211775,0.03856269,0.0795045421,0.0913767897,0.00755924756,0.0795045421,0.00569761,0.01464359,0.0300294328,0.0331377743,0.00491304,0.0296789112
"Tb",0.00451601246,0.03854759,0.0752999253,0.0816386751,0.00450416992,0.0752999253,0.00059445,0.01308425,0.0238255331,0.027972713,0.00057696,0.0241025869
"A1",0.557554361,0.50659032,0.57903878,0.581889828,0.557776352,0.57903878,0.06900223,0.07088073,0.0701855904,0.0687266719,0.06505764,0.0667151489
"B1",0.117520551,0.36294523,0.260881417,0.24569033,0.117458391,0.260881417,0.01353018,0.03996228,0.0285648482,0.0306425114,0.01332379,0.028292333
"me.S1","mae.S1","mse.S1","rmse.S1","pbias.S1","nse.S1","me.S1_conf","mae.S1_conf","mse.S1_conf","rmse.S1_conf","pbias.S1_conf","nse.S1_conf"
"w",0.00390586599,0.00471997,0.00932451,0.00935857,0.00442179603,0.00932451,0.00345946,0.00607786,0.00892907,0.00886194,0.00440085,0.01047784
"n_imperv",0,0.01993305,0,0,0,0,0.00910879,0.01351349,0.01328629,0.01226409,0.00971281,0.01416917
"n_perv",0.000910999478,0,0.00066735,0.00055035,0.000928090936,0.00066735,0.00218079,0.00559965,0.01095223,0.01022842,0.00206408,0.01368873
"s_imperv",0,0.00189467,0.00088842,0.00083659,0,0.00088842,0.00440844,0.00257894,0.00120701,0.00134845,0.00424763,0.00123474
"s_perv",0.000322513596,0.00270128,0.00441332,0.00411751,0.00046620188,0.00441332,0.00093374,0.00307427,0.00367388,0.0036232,0.00093242,0.00357596
"k_sat",0.0755535035,0.05513601,0.05411055,0.05080676,0.0755810901,0.05411055,0.03608149,0.0422148,0.03516901,0.02700542,0.03206383,0.03582321
"per_routed",0.267455976,0.05582629,0.02830262,0.02831118,0.267589436,0.02830262,0.04772152,0.0282737,0.01945508,0.02020179,0.04997561,0.01824308
"cmelt",0.0071081505,0.01072175,0.02640971,0.03066345,0.0076081913,0.02640971,0.00802318,0.02078474,0.03423142,0.03810339,0.00744954,0.03988153
"Tb",0.00494296588,0.01317121,0.02902564,0.02961274,0.0050750286,0.02902564,0.00595987,0.01855289,0.02268433,0.02526141,0.00632916,0.02284655
"A1",0.513812349,0.41768639,0.48937156,0.49543369,0.513726568,0.48937156,0.07287101,0.05852525,0.062744,0.06772834,0.07162838,0.06722523
"B1",0.0939169482,0.31254116,0.2218755,0.21127156,0.0941675119,0.2218755,0.03276951,0.06097251,0.0491195,0.04350265,0.03506921,0.04164331
"me.ST","mae.ST","mse.ST","rmse.ST","pbias.ST","nse.ST","me.ST_conf","mae.ST_conf","mse.ST_conf","rmse.ST_conf","pbias.ST_conf","nse.ST_conf"
"w",0.00258854337,0.00654014,0.0111685755,0.0104730864,0.00260670547,0.0111685755,0.00035236,0.00083898,0.00380751374,0.00310204581,0.00041379,0.0047498826
"n_imperv",0.0129677141,0.02470798,0.0210216262,0.0202673806,0.0129377308,0.0210216261,0.00225471,0.00260838,0.00309859918,0.00264313585,0.00187999,0.00317068683
"n_perv",0.000601280932,0.00277508,0.0263596786,0.0232954784,0.000608487393,0.0263596785,0.00032754,0.00142692,0.016158937,0.0114484068,0.00034182,0.0178337508
"s_imperv",0.00295290885,0.00068543,0.000197538478,0.000192253365,0.0029717979,0.000197538475,0.00044613,0.00016168,4.2420085e-05,3.93180934e-05,0.0004742,4.10897811e-05
"s_perv",0.000157168886,0.00085705,0.00224330491,0.00204350489,0.000168666261,0.00224330491,0.00012036,0.00058582,0.00151493058,0.00121113944,0.00011228,0.00137829584
"k_sat",0.068162737,0.05969124,0.0804593152,0.072344573,0.0682440299,0.0804593152,0.02374249,0.03280576,0.0439125531,0.0368143838,0.02280884,0.0452782266
"per_routed",0.289087008,0.05903431,0.0428342862,0.0430525239,0.289252104,0.0428342862,0.02877853,0.01211647,0.00734321588,0.00802722344,0.02999331,0.00732506937
"cmelt",0.00758211775,0.03856269,0.0795045421,0.0913767897,0.00755924756,0.0795045421,0.00547552,0.01557452,0.028597165,0.0346447916,0.00526829,0.0240832749
"Tb",0.00451601246,0.03854759,0.0752999253,0.0816386751,0.00450416992,0.0752999253,0.00061012,0.01137943,0.0276840802,0.0296257782,0.00059954,0.0276301257
"A1",0.557554361,0.50659032,0.57903878,0.581889828,0.557776352,0.57903878,0.06458368,0.07333202,0.0652838935,0.066728592,0.06497668,0.0723283673
"B1",0.117520551,0.36294523,0.260881417,0.24569033,0.117458391,0.260881417,0.01320439,0.04254513,0.0343919939,0.0300971542,0.01329052,0.0317103536
"me.S1","mae.S1","mse.S1","rmse.S1","pbias.S1","nse.S1","me.S1_conf","mae.S1_conf","mse.S1_conf","rmse.S1_conf","pbias.S1_conf","nse.S1_conf"
"w",0.00390586599,0.00471997,0.00932451,0.00935857,0.00442179603,0.00932451,0.00345946,0.00607786,0.00892907,0.00886194,0.00440085,0.01047784
"n_imperv",0,0.01993305,0,0,0,0,0.00910879,0.01351349,0.01328629,0.01226409,0.00971281,0.01416917
"n_perv",0.000910999478,0,0.00066735,0.00055035,0.000928090936,0.00066735,0.00218079,0.00559965,0.01095223,0.01022842,0.00206408,0.01368873
"s_imperv",0,0.00189467,0.00088842,0.00083659,0,0.00088842,0.00440844,0.00257894,0.00120701,0.00134845,0.00424763,0.00123474
"s_perv",0.000322513596,0.00270128,0.00441332,0.00411751,0.00046620188,0.00441332,0.00093374,0.00307427,0.00367388,0.0036232,0.00093242,0.00357596
"k_sat",0.0755535035,0.05513601,0.05411055,0.05080676,0.0755810901,0.05411055,0.03608149,0.0422148,0.03516901,0.02700542,0.03206383,0.03582321
"per_routed",0.267455976,0.05582629,0.02830262,0.02831118,0.267589436,0.02830262,0.04772152,0.0282737,0.01945508,0.02020179,0.04997561,0.01824308
"cmelt",0.0071081505,0.01072175,0.02640971,0.03066345,0.0076081913,0.02640971,0.00802318,0.02078474,0.03423142,0.03810339,0.00744954,0.03988153
"Tb",0.00494296588,0.01317121,0.02902564,0.02961274,0.0050750286,0.02902564,0.00595987,0.01855289,0.02268433,0.02526141,0.00632916,0.02284655
"A1",0.513812349,0.41768639,0.48937156,0.49543369,0.513726568,0.48937156,0.07287101,0.05852525,0.062744,0.06772834,0.07162838,0.06722523
"B1",0.0939169482,0.31254116,0.2218755,0.21127156,0.0941675119,0.2218755,0.03276951,0.06097251,0.0491195,0.04350265,0.03506921,0.04164331
"me.ST","mae.ST","mse.ST","rmse.ST","pbias.ST","nse.ST","me.ST_conf","mae.ST_conf","mse.ST_conf","rmse.ST_conf","pbias.ST_conf","nse.ST_conf"
"w",0.00258854337,0.00654014,0.0111685755,0.0104730864,0.00260670547,0.0111685755,0.00035236,0.00083898,0.00380751374,0.00310204581,0.00041379,0.0047498826
"n_imperv",0.0129677141,0.02470798,0.0210216262,0.0202673806,0.0129377308,0.0210216261,0.00225471,0.00260838,0.00309859918,0.00264313585,0.00187999,0.00317068683
"n_perv",0.000601280932,0.00277508,0.0263596786,0.0232954784,0.000608487393,0.0263596785,0.00032754,0.00142692,0.016158937,0.0114484068,0.00034182,0.0178337508
"s_imperv",0.00295290885,0.00068543,0.000197538478,0.000192253365,0.0029717979,0.000197538475,0.00044613,0.00016168,4.2420085e-05,3.93180934e-05,0.0004742,4.10897811e-05
"s_perv",0.000157168886,0.00085705,0.00224330491,0.00204350489,0.000168666261,0.00224330491,0.00012036,0.00058582,0.00151493058,0.00121113944,0.00011228,0.00137829584
"k_sat",0.068162737,0.05969124,0.0804593152,0.072344573,0.0682440299,0.0804593152,0.02374249,0.03280576,0.0439125531,0.0368143838,0.02280884,0.0452782266
"per_routed",0.289087008,0.05903431,0.0428342862,0.0430525239,0.289252104,0.0428342862,0.02877853,0.01211647,0.00734321588,0.00802722344,0.02999331,0.00732506937
"cmelt",0.00758211775,0.03856269,0.0795045421,0.0913767897,0.00755924756,0.0795045421,0.00547552,0.01557452,0.028597165,0.0346447916,0.00526829,0.0240832749
"Tb",0.00451601246,0.03854759,0.0752999253,0.0816386751,0.00450416992,0.0752999253,0.00061012,0.01137943,0.0276840802,0.0296257782,0.00059954,0.0276301257
"A1",0.557554361,0.50659032,0.57903878,0.581889828,0.557776352,0.57903878,0.06458368,0.07333202,0.0652838935,0.066728592,0.06497668,0.0723283673
"B1",0.117520551,0.36294523,0.260881417,0.24569033,0.117458391,0.260881417,0.01320439,0.04254513,0.0343919939,0.0300971542,0.01329052,0.0317103536
